"MSE","WCIC","Time_train","Time_pred","K"
4.11080814184473,100,81.6841697692871,1.12083911895752,2
0.01800178824958,NA,240.790282249451,0.455783843994141,2
8.24546360516701,100,79.5524904727936,0.422899007797241,2
6.22347302228267,99.999999999982,69.5154960155487,0.415888071060181,2
0.383453162895548,96.8423037201332,78.6748542785645,0.398931980133057,2
1.39432699851611,100,62.1798830032349,0.399930953979492,2
4.83627828746198,99.9998252092333,57.5795183181763,0.402997016906738,2
2.78112555960754,99.9998968977882,83.2990989685059,0.396939992904663,2
5.18259254186037,99.9999570472077,93.9936015605927,0.407910823822021,2
0.0210240607147786,100,55.0300912857056,0.411927938461304,2
3.30680481257295,99.9999999986419,87.2647888660431,0.431846857070923,2
2.89026313406538,99.9999998572649,88.2820913791656,0.442847967147827,2
1.36004998690064,99.9999999999066,81.6144700050354,0.446805953979492,2
0.741701744511324,99.9999997649625,77.3576900959015,0.427858114242554,2
10.0391087913188,99.9872946485431,50.8164048194885,0.412867069244385,2
2.34900564531716,100,88.0627346038818,0.416885852813721,2
12.2409486682108,70,79.1062552928925,0.415889978408813,2
4.89126983182956,100,45.2362840175629,0.436831951141357,2
3.92655795330062,99.9999999473987,69.9128251075745,0.633671045303345,2
0.624956560766329,100,73.87766289711,0.502658128738403,2
0.227851936269136,99.9953516989132,45.3776516914368,0.458772897720337,2
5.42664511979451,49.999997828242,88.6310641765594,0.434836864471436,2
9.4799988613608,99.7144878565328,76.5877861976624,0.403922080993652,2
1.0191574308265,99.9991171788603,43.106100320816,0.419363021850586,2
1.58753044188946,100,79.2132773399353,0.428855895996094,2
6.71127324612334,99.9999966297247,48.0721521377563,0.412864923477173,2
0.493566541803627,100,72.7664568424225,0.661684989929199,2
1.54205486309685,99.9999999999299,54.9712727069855,0.40292501449585,2
4.47090381551962,100,48.2026586532593,0.424865007400513,2
29.3624098395707,49.9999999180055,57.4238600730896,0.412895917892456,2
6.05176445278813,100,85.542076587677,0.416884899139404,2
2.75938161074479,99.9956876346405,75.5787508487701,0.400928020477295,2
21.5818715018578,99.9999983573708,72.0610909461975,0.405914068222046,2
5.20048226578993,100,41.7302038669586,0.436865091323853,2
20.2582968590173,99.9999999999999,48.1639127731323,0.398965835571289,2
0.997047162762268,100,77.8482096195221,0.446451902389526,2
2.03356617859582,69.999991023252,78.3171696662903,0.413862943649292,2
5.14587842485208,99.9992852085158,80.1198456287384,0.433841943740845,2
0.542371716748709,100,61.2987067699432,0.452785968780518,2
0.120033489743822,99.999445035291,70.3729302883148,0.499670028686523,2
6.24975639005982,99.9999278337814,61.8851420879364,0.451820135116577,2
1.08768544324817,100,61.58451795578,0.412545919418335,2
3.21222122268046,99.99999063333,40.0474925041199,0.466753959655762,2
13.1081419948277,0,50.1955554485321,0.682260036468506,2
3.65757489834926,100,87.3266661167145,0.484709024429321,2
0.0448883016204288,99.9999994702819,73.3174607753754,0.412897825241089,2
18.1474085369096,100,46.4528422355652,0.424518823623657,2
2.36772755287313,99.9717200065437,67.3274173736572,0.392950057983398,2
8.56736974480395,99.9379769094965,42.4265086650848,0.406882047653198,2
0.607742261645812,100,90.9658498764038,0.397937059402466,2
2.42987681515721,99.9999995091797,70.3524844646454,0.399932146072388,2
5.30476760293003,90.0000000000001,74.8394765853882,0.407911062240601,2
0.389350834974943,99.9999998405971,85.7214658260345,0.402000188827515,2
8.2333548384007,99.9999902263934,113.321630239487,0.409934997558594,2
0.218111988199782,100,85.5430359840393,0.398934125900269,2
2.37480361782956,99.9999935215315,49.436550617218,0.409902095794678,2
7.56812817846438,40,85.760027885437,0.390925884246826,2
25.6611760447181,69.9999982004593,87.5818450450897,0.404918909072876,2
0.925247216736114,99.9999999990321,84.6327517032623,0.404916048049927,2
NA,NA,7.14182472229004,0.407407999038696,2
7.17275827263798,99.9889676651862,88.3809826374054,0.405915021896362,2
3.37989753919542,90,49.3325154781342,0.400929927825928,2
4.53198965966137,100,56.1185104846954,0.415921926498413,2
0.545875881786888,100,73.2780160903931,0.401925802230835,2
9.04438215339068,95.7599925995919,52.6866879463196,0.406907796859741,2
0.151232242131292,99.9999999998764,89.1090493202209,0.397904872894287,2
4.24502085493175,100,70.6001076698303,0.696139097213745,2
172.070941916274,27.4979983948438,49.5784728527069,0.387962102890015,2
1.27879760998691,100,52.4693524837494,0.395941972732544,2
10.2160666914632,70.0000000001468,87.1800680160522,0.42985200881958,2
11.7425411776027,79.9999999999999,51.4984674453735,0.402921915054321,2
1.40753397519049,99.9999384724254,117.479423761368,0.411900997161865,2
2.03959236331766,99.9341510284566,60.5251235961914,0.407316207885742,2
6.68238224648655,100,42.3639054298401,0.408874988555908,2
1.71777373768446,99.9999999999283,90.2230668067932,0.392949104309082,2
16.9365637052321,74.8143602790393,92.2588350772858,0.399964094161987,2
20.8345724296042,79.9875274503632,55.8869559764862,0.389957904815674,2
23.3020612525389,11.3456542136488,84.4860064983368,0.399932861328125,2
5.65982974292496,100,87.7538738250732,0.412896871566772,2
5.97178193095779,94.6941714617907,46.7305428981781,0.405917167663574,2
3.33699994293173,99.9999354581035,49.2097537517548,0.407912015914917,2
6.67352185598783,80,88.6295895576477,0.393948078155518,2
3.60137028270297,99.9999998328028,85.1654813289642,0.411898851394653,2
51.0122805787729,9.99999999948038,53.243928194046,0.390955924987793,2
18.9417083893386,80,84.537784576416,0.402955055236816,2
2.57556961275112,100,54.5427353382111,0.403919219970703,2
0.146072814408895,100,92.0119576454163,0.402923107147217,2
1.45724918762283,95.6775921187352,47.2475674152374,0.406944036483765,2
2.07206531164153,100,46.7672338485718,0.393945932388306,2
11.4423756449424,96.0007220708912,62.9206428527832,0.406914949417114,2
0.717501362008876,97.5070295384726,65.7120127677917,0.406914949417114,2
4.24448962274669,99.9999997533135,70.7485613822937,0.408907890319824,2
1.201485015361,100,50.077344417572,0.401927947998047,2
1.17573533071674,99.9999987370563,71.5980226993561,0.399934053421021,2
0.935771549067081,100,52.7561955451965,0.411900043487549,2
0.691343305015673,99.9997599766232,76.6573443412781,0.397938966751099,2
1.13300993259479,99.5159761057117,68.4104266166687,0.411899089813232,2
22.6049407825117,99.9987999860975,54.9765245914459,0.394912004470825,2
2.12552529565763,99.9999962401986,95.9740474224091,0.407883167266846,2
8.61422926947819,99.9999999915234,59.4093890190125,0.397934913635254,2
0.322161358188627,100,143.644976139069,0.430850982666016,3
0.220663046345999,100,275.862993717194,0.428853988647461,3
3.65255291490412,99.9999997738217,80.2592661380768,0.432842969894409,3
6.34057120055839,99.9999999999344,115.116234302521,0.439857006072998,3
0.340972555108703,98.7291207098168,95.8082928657532,0.430848836898804,3
2.11893837241272,100,96.656815290451,0.428856134414673,3
6.74185680320058,99.9999998922409,87.1561396121979,0.422869920730591,3
1.19648168663678,88.8128111975828,90.2676448822021,0.445810079574585,3
3.62235842151609,80,98.8963670730591,0.417882919311523,3
0.064433275553877,100,94.1788191795349,0.429854154586792,3
1.34704228674642,99.9999999958315,93.1014893054962,0.420877933502197,3
3.15358909957219,99.9999999513844,150.395510435104,0.425858974456787,3
0.0738091458322061,99.88660507065,98.1504096984863,0.419878959655762,3
1.97303470812644,99.9999999977443,106.727108240128,0.451791048049927,3
0.0195733944315274,100,76.5525462627411,0.422869920730591,3
0.394229166678722,99.9999999988398,101.122422933578,0.441790103912354,3
5.80639997053999,100,105.903378725052,0.4218430519104,3
0.52777372233432,99.9999998490384,88.4449689388275,0.428853034973145,3
3.66723164996454,99.9999999994091,86.5171465873718,0.426859855651855,3
1.68416414961796,100,99.1149256229401,0.435837030410767,3
0.521110824663736,99.9999979987829,96.396520614624,0.421873092651367,3
0.587737058687744,39.9999999300737,109.705144166946,0.42985200881958,3
11.3445690663619,99.7022990983756,87.3292095661163,0.423836946487427,3
2.66452035491244,99.9998783330759,57.2891993522644,0.41887903213501,3
0.144279255273693,99.9999999999238,91.7570819854736,0.43380880355835,3
0.0119221050234529,99.9805999146843,65.0595586299896,0.416882991790771,3
1.83281237508555,99.9989706184441,92.0305185317993,0.434839963912964,3
2.00224419747069,100,94.0307936668396,0.423870086669922,3
3.81818014633564,90,70.70978307724,0.428852081298828,3
0.995937930901409,99.9999999998959,85.2391982078552,0.423898935317993,3
7.31118515522932,99.6165016997091,115.934040546417,0.427886962890625,3
10.6486339063918,79.9999996681511,144.221156835556,0.448801040649414,3
8.47515465037758,84.017328148003,107.956488609314,0.434800863265991,3
0.676628610186581,99.9999999997524,87.514652967453,0.424863815307617,3
1.98992737962315,100,94.5226871967316,0.432842016220093,3
1.68749310485661,100,93.892683506012,0.425832986831665,3
1.99985480054719,69.9999092339196,91.5486834049225,0.42985200881958,3
5.0312079506243,96.9009688797899,251.942254781723,0.424863815307617,3
1.62662774042631,100,91.9447915554047,0.42290186882019,3
0.0832419370005617,99.9999999999999,69.6103587150574,0.420874834060669,3
0.0826397149691549,99.8733810411138,123.979373216629,0.42190408706665,3
1.09305298413749,100,114.30123758316,0.425894975662231,3
2.37169469323575,88.6196675522058,52.4389543533325,0.427856922149658,3
2.23411269811739,70,81.5737528800964,0.435834884643555,3
0.00307151874450714,100,113.945565462112,0.423868894577026,3
0.242431347177119,100,93.4827191829681,0.43084979057312,3
14.1969160826738,90.8730066385518,78.1849291324615,0.423866033554077,3
2.26339068479976,99.9813542860209,109.30676984787,0.429852962493896,3
0.87245432330329,99.669663227879,104.250418186188,0.424864053726196,3
1.37059233288906,100,97.7212090492249,0.425864219665527,3
0.280009997755071,99.9999999998401,88.7556095123291,0.432810068130493,3
0.390124488710707,90,127.566932439804,0.422870874404907,3
0.0860949280207295,100,115.791711568832,0.431848049163818,3
2.04035322439083,99.9999999999999,98.0142469406128,0.430849075317383,3
0.357536759237581,100,127.903342723846,0.423868894577026,3
2.44017251276157,89.9999992282816,50.4604241847992,0.456780910491943,3
0.0627990706787361,100,102.799871444702,0.430881023406982,3
0.311375907449841,99.9005090606944,98.7813820838928,0.433809041976929,3
1.66523967058672,100,99.3164734840393,0.424897909164429,3
3.30610697265839,99.999651802964,189.741686820984,0.423866033554077,3
0.987523638924407,99.9996485230535,90.9650502204895,0.41788387298584,3
0.664117619438204,99.9990745325282,88.4801778793335,0.423888206481934,3
2.49849633852538,89.9999999992216,85.1111330986023,0.438828945159912,3
0.0961392948990165,100,129.735145807266,0.430850028991699,3
9.13499847584114,83.9095031036811,65.3583559989929,0.436834096908569,3
0.368894309085398,100,121.79886674881,0.425829887390137,3
8.68669081361645,66.4178062925001,97.0461575984955,0.431813955307007,3
67.4841532420631,56.8500236465635,58.3695743083954,0.426825046539307,3
1.06433680299108,99.9999999999824,79.1338112354279,0.4218430519104,3
0.306568378171235,100,111.633569002151,0.42383599281311,3
0.460177085687179,99.9999999052057,80.1688749790192,0.420875072479248,3
1.30137207907655,99.9999981922478,112.191112995148,0.427856922149658,3
2.00547578861538,99.944724532005,86.1794884204865,0.421875,3
3.83386876299209,99.2721471426937,56.2588350772858,0.426889896392822,3
2.97270461515629,99.9999999985489,93.7400360107422,0.426888942718506,3
12.3945999038742,87.8204793855075,91.9564578533173,0.421903848648071,3
21.7112820630162,67.0101134560465,55.7948253154755,0.423868894577026,3
36.623861890529,10.2907022523353,125.975211620331,0.439800024032593,3
1.74525456175013,100,97.2411968708038,0.479753017425537,3
5.30982019823931,97.1496223879135,56.0869338512421,0.633275985717773,3
1.81258592829082,98.820238322972,58.2718861103058,0.416914939880371,3
0.0984484012179616,99.9978256245741,89.5791831016541,0.494647979736328,3
2.10726423564228,100,84.6447432041168,0.511663913726807,3
2.20645184113099,99.996887704306,93.9015870094299,0.503657102584839,3
0.281776454638356,90,93.2865445613861,0.416856050491333,3
0.0767522337497209,100,57.2196245193481,0.49271297454834,3
0.166426892550941,100,91.059606552124,0.427887201309204,3
6.81233572175564,98.4820723905755,66.3447740077972,0.493706941604614,3
0.734962979408862,99.9860413629491,88.5466525554657,0.488723993301392,3
0.762702346909011,98.0915865728675,98.5087418556213,0.973400115966797,3
3.83388743324328,99.9839593356331,55.0274250507355,1.08111095428467,3
4.53690784825887,99.9999982769297,98.7309062480927,0.715094804763794,3
2.04715416530495,100,82.5902070999146,0.879651069641113,3
0.863179770215574,99.9999999999692,129.076195955276,1.01229500770569,3
0.184811588053463,99.9994399337603,93.9567596912384,0.812828063964844,3
1.19605508509361,99.9999996527212,120.450734138489,0.846738815307617,3
0.951629343720096,98.4817526757284,99.7386105060577,0.508674144744873,3
12.3620896830398,99.8511543371048,62.8769094944,0.432842969894409,3
1.03027190872746,99.9988852953493,112.06894159317,0.490687847137451,3
2.56949399056652,99.9885115104629,65.7960362434387,0.471738815307617,3
0.326619449269971,100,134.701238393784,0.455780029296875,4
0.212223433141655,100,428.599411725998,0.463728904724121,4
3.723807035316,99.9999999266682,104.496418714523,0.506675958633423,4
4.66082452218458,99.9999999999985,102.209026575089,0.520609140396118,4
0.693984405118499,98.4056291547462,113.736255884171,0.504652976989746,4
3.69078600676841,100,106.269839286804,0.515655994415283,4
6.7289213374243,99.9999998913678,92.6654999256134,0.575464010238647,4
1.32147043029799,88.2109007148233,118.623636245728,0.506646871566772,4
3.61543858589273,80,111.789853811264,0.45578408241272,4
0.0665114426520446,100,148.900031089783,0.44281792640686,4
1.36387274273861,99.9999999981414,111.340434789658,0.481685161590576,4
3.18736677032582,99.9999999439091,113.192047834396,0.494648218154907,4
0.0766569707341324,99.8769733833559,115.647690057755,0.513658046722412,4
1.96202354302573,99.9999999975344,110.925299406052,0.474730968475342,4
0.0192296182756169,100,102.020057916641,0.485702037811279,4
0.396210156615781,99.9999999988137,99.8514478206635,0.450796127319336,4
5.8177405698138,100,143.753341436386,0.476728200912476,4
0.513178668243078,99.9999998857811,122.00266957283,0.531580924987793,4
3.59409643840402,99.9999999944717,98.7352900505066,0.693150043487549,4
1.58777474681106,100,123.090822696686,0.579452991485596,4
0.526686567540825,99.9999983680521,102.135211467743,0.483709096908569,4
0.58846743797964,39.9999999400925,127.440632820129,0.44980001449585,4
11.8459119151506,98.3366907767565,113.510724067688,0.565489053726196,4
2.6152827888044,99.9998799264245,59.7474133968353,0.65225887298584,4
0.144661625700629,99.9999999999448,120.859607696533,0.671236038208008,4
0.0153763172700249,99.9999186051046,108.532561063766,0.502656936645508,4
1.82698702100438,99.9984162643498,98.7521047592163,0.546540021896362,4
2.05657660200316,100,113.635099411011,0.721073150634766,4
3.82642607822158,90,97.7263121604919,0.868678092956543,4
2.06606605524145,99.9999999999095,101.714850902557,0.626357078552246,4
7.36793088287557,99.7001905056268,124.47509598732,1.44211387634277,4
10.8138237654245,59.9999998726797,111.252574205399,0.527590990066528,4
0.452850736180912,97.5657051520909,152.980152845383,0.569476842880249,4
0.693899320788365,99.9999999998879,130.685611486435,0.62034010887146,4
2.02854737701341,100,106.112996339798,0.654250860214233,4
1.68904159059384,99.929388771289,120.384370803833,0.517613887786865,4
2.00390724384351,70.0005156044028,146.199221611023,0.582443952560425,4
5.22017340493052,99.9995223554349,220.843471288681,0.54355001449585,4
1.62036887245585,100,126.823154449463,0.582442045211792,4
0.0366708446373633,100,97.9112257957458,0.739022970199585,4
1.05090426768074,99.93106756008,112.458370923996,0.465786933898926,4
1.08922625831877,100,109.59016919136,0.726027965545654,4
1.91617498294884,90.001508129028,51.7615940570831,0.806812047958374,4
2.40960366240339,60,120.927387475967,0.998329877853394,4
0.0030083290528882,100,127.171857357025,1.82612085342407,4
0.241982663280652,100,130.950106859207,0.879647016525269,4
15.1145558439444,90.201309775117,68.1414487361908,0.658418893814087,4
1.30479069950413,99.9341474646701,127.795224666595,0.653800010681152,4
0.92604599698392,99.5058649073999,118.863832712173,0.680390119552612,4
1.37338597431368,100,131.754932641983,0.610233783721924,4
0.28582595239549,99.9999999998405,100.370522260666,0.545053958892822,4
0.389207688594989,90,118.248729705811,0.692191123962402,4
0.0854261786825305,100,108.903901338577,0.609369993209839,4
2.64287398063307,99.9999999999999,117.157553195953,0.815020084381104,4
0.347224200575663,100,124.97073340416,0.537079095840454,4
2.44287070293175,89.9999975098846,91.0975034236908,0.557023048400879,4
0.0616466864214542,100,131.192999362946,0.539531946182251,4
0.269502885710524,99.9652558018675,124.134469032288,0.570976972579956,4
1.35262901755953,99.7968667675343,139.793254137039,0.588277816772461,4
4.09508400026156,99.9996325676077,367.628703594208,0.585458993911743,4
0.661544076516825,99.9996880284677,97.2699344158173,0.841356039047241,4
0.667779493674634,99.998898269472,108.313730955124,0.699617862701416,4
2.50267968204237,90.000006896616,107.824803113937,0.697073936462402,4
0.15679737451572,100,129.524849414825,1.66845798492432,4
9.09047027652388,84.1765287142552,72.6675281524658,0.810925006866455,4
0.296831937382627,100,91.9651126861572,1.02161002159119,4
10.3969116709183,61.6823817534049,118.726325035095,0.92269492149353,4
15.8666234725133,76.6777802942629,75.2319483757019,0.987868070602417,4
1.03122309940824,99.9999999999744,106.265009641647,0.548091173171997,4
0.303377647276037,100,118.25111079216,0.567709922790527,4
0.47474738060822,99.9999999473852,91.223356962204,0.668213844299316,4
1.18867740414869,99.9999986326818,129.836073875427,0.665462970733643,4
1.538586242288,99.9793886252682,107.341475725174,0.599969148635864,4
4.44299327186412,99.4278528005856,101.604069471359,0.563220977783203,4
3.02171777247464,99.9999999994291,103.485093355179,0.548080921173096,4
14.3891560769614,86.124743323725,124.73344707489,0.568095922470093,4
23.2157418391902,63.2413994622947,104.054821014404,0.560835123062134,4
38.6878384644078,10.4362971740179,161.343172311783,0.578455924987793,4
1.74296826031243,100,117.671434879303,0.553179979324341,4
5.47568239770399,98.1022254106812,53.7638676166534,0.557507991790771,4
1.81845377474606,98.7666900633572,69.245311498642,0.664735078811646,4
0.0976929341218264,99.9980915744378,114.498973846436,0.664819955825806,4
2.08003948265448,100,129.057210683823,0.650004148483276,4
2.22654118520719,99.9944678403679,137.281585931778,0.562907934188843,4
0.280269406484192,90,99.3180370330811,0.566519021987915,4
0.0786530109712038,100,70.2754344940186,0.629727840423584,4
0.170175540659229,100,101.637093544006,0.654284954071045,4
7.16860516432046,98.9130849322898,64.8668711185455,0.654772996902466,4
0.741551015132617,99.9969492957211,103.192894697189,0.976419925689697,4
0.695655846918189,98.3381414594211,129.797323703766,0.633697032928467,4
3.82781670657891,99.9787440006856,58.1567516326904,0.769906044006348,4
5.0656871659591,99.9999985376829,110.836614370346,0.724773168563843,4
2.04814625954782,100,105.55540561676,0.70012903213501,4
0.842022633201815,99.9997331250485,120.531451463699,0.641804933547974,4
0.247577111385816,99.9994483896246,108.315762519836,0.582828998565674,4
1.20228019227764,99.999999873566,138.169290542603,0.645273923873901,4
0.966548635816079,98.6187163537725,93.5009903907776,0.644248962402344,4
9.55352310301863,99.9378394493533,73.030200958252,0.622363090515137,4
0.618612333969218,99.9333823523741,123.844559669495,1.12350988388062,4
4.11326425245491,90.4803551041607,73.5525226593018,1.00317311286926,4
0.331284558472737,100,145.948294878006,0.717082023620605,5
0.133899013252382,100,262.920654058456,0.691113948822021,5
4.47410509161896,99.9999999688017,113.64257144928,0.59041690826416,5
4.87247721944273,99.999999999973,126.239884614944,0.590391159057617,5
0.418205625055626,99.3223830501581,122.162984609604,0.689158916473389,5
3.69547524765806,100,124.589636564255,0.697849035263062,5
6.68481279305775,99.9999951357257,116.464102983475,0.616419076919556,5
3.48619434930478,78.1267072214327,153.868404865265,0.580456972122192,5
3.61108875988912,80.0000000093222,126.321127891541,0.593225955963135,5
0.071743223691526,100,139.951138734818,0.575493097305298,5
1.31710840546281,99.9999999988242,111.442540645599,0.860701084136963,5
3.03466094906635,99.9999999836346,192.571880340576,1.09857988357544,5
0.0790466818477744,99.8423691463223,154.835421323776,0.764158964157104,5
1.99083130554547,99.9999999973527,124.662319421768,0.681210041046143,5
0.0196954236426466,100,103.871342658997,0.66202712059021,5
0.395327161669619,99.9999999987941,118.217014312744,0.581434011459351,5
5.75459434787898,100,245.683477640152,0.600915908813477,5
0.502950168436461,99.9999979033806,121.739360570908,0.579447031021118,5
3.46481500069202,99.9999999993799,110.710001945496,1.21475696563721,5
1.5932241307267,100,146.988426923752,0.862730026245117,5
0.535545180650605,99.9999972708385,127.824341058731,0.72011399269104,5
0.590273297432617,39.9999999322002,166.676242113113,0.703413963317871,5
11.1785173908621,98.1832040109076,112.449143886566,0.672415971755981,5
2.57123348732304,99.9998691111543,69.6402277946472,0.588429927825928,5
0.0994664688773153,99.9999999998027,129.97382569313,0.578573942184448,5
0.0176650391392449,99.9999402401337,114.983462810516,0.731558084487915,5
1.82263469834908,99.9985812223734,123.468050003052,0.818964004516602,5
2.05681062950598,99.9975405245813,125.295432806015,0.660233974456787,5
3.81550565020784,90,126.582648277283,0.635782957077026,5
2.06399952368976,99.9999999999015,128.361087322235,0.589426040649414,5
6.66619128372641,97.5136945038486,138.665718317032,0.599988222122192,5
10.8121924809014,59.9999999107383,128.813633441925,0.605957984924316,5
0.277919363803725,98.812851935554,212.567821025848,0.692158937454224,5
0.682656723077309,99.9999999998695,111.050332546234,0.707539081573486,5
2.01517580656966,100,119.124560117722,0.635198831558228,5
0.822845051581137,99.9259665993914,131.439519166946,0.607213973999023,5
2.02660937158996,69.9998582621111,130.006511211395,0.758970975875854,5
5.0635358569992,99.9995965262051,236.927567481995,0.57845401763916,5
1.61503471689674,100,127.332056760788,0.564522981643677,5
0.0375649333266723,100,123.139993667603,0.701125860214233,5
0.967825747619619,99.9297415569938,140.812269210815,0.718080997467041,5
1.08927093765019,100,133.038510084152,0.57545804977417,5
1.88603139064079,89.8805255368173,103.939944505692,0.560501098632812,5
2.10957418319424,64.8798049460731,130.938058853149,0.557539939880371,5
0.00296832647230576,100,159.962341070175,0.559528112411499,5
0.241849459053888,100,97.2949521541595,1.5139307975769,5
7.34002311382088,94.836064080607,69.6325447559357,1.11501908302307,5
1.21130360406569,99.9343115535588,172.388788223267,0.698132038116455,5
0.897252750016857,99.5211316086072,129.011288166046,0.766952991485596,5
1.37792978479272,100,116.012265920639,0.528587102890015,5
0.290558483186169,99.9999999999001,135.921715736389,0.485702991485596,5
0.380700377306448,90,134.927681207657,0.632310152053833,5
0.0870388083344374,100,180.772040605545,0.660233974456787,5
2.55105349165565,99.9999999999999,107.278777837753,0.643304109573364,5
0.33992523740712,100,138.891916513443,0.802851915359497,5
2.0730066912651,99.7338804248623,107.969628572464,0.943506002426147,5
0.0609558262785022,100,145.841823816299,0.49766993522644,5
0.245888077245484,99.9384897126984,159.601842164993,0.500664949417114,5
1.36904646124816,99.7866249267738,131.987277746201,0.482679843902588,5
3.83399493564711,99.9995040929353,337.015763044357,0.497697114944458,5
0.677692536454945,99.9996694983692,133.203802585602,0.509639024734497,5
0.568415363130627,99.9576642086619,127.31414604187,0.490689992904663,5
2.95131921727074,60.0675495450477,136.613663911819,0.488693952560425,5
0.226275815524102,100,117.646381139755,0.495642900466919,5
10.3442960387603,79.8871534064391,69.422461271286,0.527622938156128,5
0.299753397812387,100,116.747275590897,0.577483892440796,5
2.69047006107364,78.2640809745837,152.185514450073,0.587435960769653,5
19.9720792373753,74.3618638174459,79.5446870326996,0.51961612701416,5
0.50318934571106,99.9999999999981,110.810002088547,0.498698949813843,5
0.301208445593585,100,155.271576881409,0.487698078155518,5
0.496488122329434,99.9999999622641,140.205273628235,0.575464010238647,5
1.2687867956014,99.9999974110753,135.499937057495,0.582491874694824,5
1.48228149089539,99.9774975994153,125.159106254578,0.61735200881958,5
4.12154261361947,97.4741934440973,125.760113239288,0.48173999786377,5
2.94972643845846,99.9999999992721,185.559196472168,0.495678186416626,5
23.2839880666789,69.8407730306135,134.337810754776,0.480751037597656,5
26.1134981564876,50.313639699969,134.2781457901,0.495673894882202,5
38.5718099127791,10.2640623402681,159.176013231277,0.486697196960449,5
1.74246093557552,100,132.942896604538,0.498667001724243,5
6.99102879168432,98.0914461898633,72.5648424625397,0.577455997467041,5
2.406595199289,99.7205610757696,68.955637216568,0.589398860931396,5
0.133260316305589,99.9990192629235,127.720716238022,0.582413911819458,5
2.0801348030808,100,119.221335172653,0.603387117385864,5
2.29120046361316,99.9939267454441,137.828514099121,0.553988933563232,5
0.349028330025836,89.6582663817564,110.86395406723,0.699132919311523,5
0.0788745511272936,100,62.1264119148254,0.712096929550171,5
0.105584451486302,100,121.521821498871,0.58141303062439,5
2.966560055822,98.4773673033056,85.1385161876678,0.599367141723633,5
0.741291194491863,99.9690190930161,119.39798951149,0.564490079879761,5
1.45746955524554,97.2509597983104,124.125830411911,0.492682933807373,5
3.65953183790238,99.9643342120587,70.436455488205,0.50162410736084,5
5.11033830300162,99.9999989724896,143.745129823685,0.491684913635254,5
1.94487628541129,100,187.163851261139,0.496673107147217,5
0.852556401341234,99.9999999998265,200.135055780411,0.509670972824097,5
0.251172830275195,99.9994642392814,116.881392002106,0.500663042068481,5
1.19114244548681,99.9999812457753,140.9532725811,0.571475028991699,5
0.865334103044539,97.9076144172693,100.574605464935,0.586464881896973,5
10.5076569766091,99.9158756333184,90.4772529602051,0.557543039321899,5
0.0993972537271171,99.67903266522,177.218709945679,0.501627922058105,5
4.13289556416819,90.6186399077435,77.9258513450623,0.481744050979614,5
0.335998364244862,99.9999999999999,152.747694253922,0.590944051742554,6
0.0938849133256017,100,323.763184785843,0.644325971603394,6
4.47925543150714,99.9999999679195,123.170200109482,0.601392984390259,6
10.1774177453246,99.9999999999782,158.454785585403,0.515622854232788,6
0.266069646799644,99.2651122147389,143.130041599274,0.5126051902771,6
4.54363609014252,90.4621977084331,146.970326423645,0.86568808555603,6
5.34697175424018,99.9999941675156,127.114627599716,0.656246900558472,6
2.53378333168447,80.8770216084195,167.966939210892,0.647301912307739,6
3.57895123946172,80.0055220535897,143.582651853561,0.543519973754883,6
0.0720436393876123,100,151.467522382736,0.522629976272583,6
1.29749409870458,99.9999999456631,125.945085763931,0.56452488899231,6
3.05085280132853,99.9999999821195,193.857636451721,0.601392984390259,6
0.114109308404529,99.692303037895,154.76753783226,0.604351043701172,6
2.01552176346444,99.999999996807,141.860658407211,0.508640050888062,6
0.0199621448358384,100,131.835457801819,0.528587102890015,6
0.390408584914641,99.9999999976275,179.775676488876,0.63131308555603,6
5.74359480127532,100,215.696154594421,0.696141004562378,6
0.321445100202942,99.9999980171562,179.189341783524,0.672203063964844,6
3.39339723769001,99.9999999954663,135.786071300507,0.680183887481689,6
1.59507988155747,100,170.220519304276,0.636327981948853,6
0.539252787238167,99.9999946968246,131.641187667847,0.610340118408203,6
0.645085399301863,40.0003497473698,176.86535525322,0.615358829498291,6
14.3690540266872,94.2955363150637,158.550266504288,0.663232088088989,6
2.49054762304179,99.9999604686066,129.681010007858,0.790887117385864,6
0.144315126625721,99.9999999999018,157.17970085144,0.669213056564331,6
0.0171094968424778,99.9998839607219,140.439625740051,0.706115961074829,6
1.82170509640485,99.9984902047095,130.794714212418,0.643280982971191,6
2.04893150875034,99.9974893029927,139.503094911575,0.663228988647461,6
3.80992432521791,90,135.311290979385,1.56182789802551,6
2.06291328476563,99.9999999998909,128.299154758453,1.42319512367249,6
5.36218227556759,99.1390120663358,208.599534511566,1.46109700202942,6
9.9270156257888,87.8936731141966,133.773145437241,0.732043027877808,6
0.231107230337174,98.2687965223254,200.627800703049,0.553518056869507,6
0.720765435489538,99.9999999998193,124.854076623917,0.512663125991821,6
2.01170503307781,100,144.113892316818,0.507674932479858,6
0.627792693565412,99.9639710225125,143.989800691605,0.50864315032959,6
2.03094028752133,70.0002710954883,138.152139186859,0.494704008102417,6
5.0068970821218,60.4202543445176,212.621034383774,0.512634992599487,6
1.61173755858372,100,123.278435707092,0.581444978713989,6
0.0830388804198209,100,127.144839048386,0.804847002029419,6
0.891748552942911,99.9612390698879,201.014921665192,0.603388071060181,6
1.03935543773004,100,138.108608007431,0.722073078155518,6
1.77099321814354,92.9650915748376,121.919652700424,0.908567905426025,6
2.03309138495532,67.6329794167618,133.098112106323,1.99167203903198,6
0.00294496199628559,100,170.440750598907,0.566800832748413,6
0.24173991899369,100,117.057693958282,0.545616149902344,6
7.54891279202889,95.104814496278,82.5878713130951,0.547569990158081,6
1.76513529076701,99.9086678286745,150.603808164597,0.537562847137451,6
0.91344357384939,99.4804875625632,127.33815908432,0.548533916473389,6
1.37952612789527,100,148.744332551956,0.534573078155518,6
0.290120048109588,99.9999999998414,144.481848716736,0.545542001724243,6
0.379705840976533,90,153.412740707397,0.548535108566284,6
0.0907900379299773,100,188.571947336197,0.587821960449219,6
1.04060866018302,99.9999999999999,229.217165708542,0.548498868942261,6
0.339110049078349,100,158.473647117615,0.568449020385742,6
2.0732053880391,99.7260492752633,128.195350408554,0.555516958236694,6
0.0525464901007138,100,179.744248628616,0.59241795539856,6
0.256777403067889,99.9322096610645,159.78671336174,0.565517902374268,6
1.42714802057214,99.8432184192802,152.200635433197,0.566458940505981,6
2.78274419574337,99.9995584282069,364.621334552765,0.587400197982788,6
0.685863490117458,99.9996569434053,136.443318843842,0.595406055450439,6
0.571047679210238,99.9737694350439,141.581167221069,0.580841064453125,6
2.93054178903022,70.0358133593562,151.261784791946,0.587430000305176,6
0.343421790626804,100,147.93620300293,0.582412958145142,6
11.0486142075079,75.784539043247,130.559114456177,0.677222967147827,6
0.255703637819509,100,138.197486639023,0.569474935531616,6
9.46970721293567,64.4715887624911,196.465807199478,0.758007049560547,6
19.812802450959,74.1093291456742,82.0894095897675,1.51694798469543,6
1.02889846649935,99.9999999999726,216.704127073288,1.67751789093018,6
0.300411665717302,100,159.822230815887,0.606379985809326,6
0.5006646944901,99.9999999615081,221.569251298904,0.519643068313599,6
1.26280730096963,99.9999926709405,160.999073505402,0.51166296005249,6
1.51080104306985,99.9690905752587,151.870042324066,0.508640050888062,6
2.73454681415189,96.9916296679823,129.579907178879,0.604355096817017,6
2.96618172096688,99.9999999994537,124.081357479095,0.640260934829712,6
21.3594638989483,72.990987936846,187.201507091522,0.523566961288452,6
18.1656330603131,78.6343742807265,142.657168388367,0.562528133392334,6
37.7577795992518,10.1470911799869,227.276468992233,0.570473909378052,6
1.74241778293087,100,172.171259641647,0.720078229904175,6
7.10765362736612,97.771669154205,80.5374753475189,0.912588119506836,6
0.577331514498924,99.835851537878,85.2872939109802,1.21478509902954,6
0.131551871296155,99.9991448084391,170.013407945633,0.793846845626831,6
2.0827658155764,100,132.118900537491,1.15590906143188,6
2.34565835087535,99.9800218223585,126.70539021492,1.03124308586121,6
0.27377899662916,87.6922452253942,136.342864990234,1.13995504379272,6
0.0732149802995334,99.9999999999859,127.17384314537,0.832773923873901,6
0.174585653158051,100,124.320517539978,1.11502194404602,6
5.88137278205597,95.9901305240346,126.415108442307,1.04919505119324,6
0.739951533601318,99.9674411124486,135.794456005096,0.853718996047974,6
1.47685011590623,97.2079244937707,157.189227342606,0.939517974853516,6
5.1883722885166,99.9435243785253,120.846706390381,0.583404779434204,6
5.10501002388065,99.9999989706141,117.966722488403,0.771970987319946,6
2.27228965575979,100,129.098400354385,1.08908891677856,6
0.811618691901965,99.9999999998203,175.436714172363,0.822801113128662,6
0.244459301458095,99.9994066964566,169.157037258148,1.53190803527832,6
1.26256847042824,99.9999729204329,174.496442317963,1.23868799209595,6
0.877430905035582,98.2561821944574,130.932527542114,1.58974981307983,6
7.85117592718102,99.0081645429821,98.6195349693298,1.01927590370178,6
0.106792580880441,99.6941470176958,209.079166412354,1.26861095428467,6
4.17824878214973,90.6116175822737,87.029278755188,1.6416130065918,6
0.341126648019225,99.9999999999999,169.225080490112,0.588426113128662,7
0.030716981087928,100,275.121084451675,0.550558090209961,7
4.52172309407046,99.9999995292201,160.339778661728,0.53058385848999,7
9.65733254522683,99.9999999999218,180.711478471756,0.525568008422852,7
8.50683856595853,87.6667887204641,149.42999792099,0.532577037811279,7
4.17516600979901,100,179.279926538467,0.588425874710083,7
8.53345936322313,99.9999930838638,148.251309871674,0.775959014892578,7
2.39867109755156,81.0763819815169,196.971115112305,1.00528597831726,7
3.57776952181577,80.0002976350449,159.213904857635,0.655217885971069,7
0.0645880933395391,100,156.708485603333,1.58975291252136,7
1.36187773207802,99.9999998976794,136.337411642075,1.38130688667297,7
2.98892603534264,99.9999995898959,242.60628247261,0.898600101470947,7
0.223707495820206,96.7598086033656,174.623957395554,0.754016876220703,7
2.00734045052622,99.9999999965153,218.091876268387,1.07811999320984,7
0.0207973958620693,100,188.988303422928,1.43117618560791,7
0.36003239993577,99.9999999987596,184.841559648514,0.750027894973755,7
5.42241727947803,99.9884597977667,202.212272405624,0.591799020767212,7
0.286570039980045,99.9999997215251,193.567824840546,0.555515050888062,7
3.26822079958942,99.9999999970228,179.071297168732,0.819811105728149,7
1.6744678435928,100,214.952469348907,1.05119299888611,7
0.542921646875245,99.9999942982086,141.011208295822,1.26661109924316,7
0.643245539235878,40.0002481802193,228.085586071014,0.75298285484314,7
18.698407632155,54.0928862519028,153.699200868607,0.566515922546387,7
2.51123959532793,99.9999396668419,140.508835077286,0.696554899215698,7
0.124205351128155,99.9999999999,200.940744161606,0.625324010848999,7
0.0147536620572463,99.9997875171248,143.7060546875,0.59042501449585,7
1.54525975130197,99.5774334843361,149.223494529724,0.63231086730957,7
2.03921912334106,99.9979324342053,170.971205234528,0.59840202331543,7
3.79258222338098,90,144.650182247162,0.615355968475342,7
2.03693454036676,99.9999999998731,140.11847615242,0.610338926315308,7
11.8453205397784,91.220744670237,240.505270004272,0.627293109893799,7
10.1202841091986,87.3169874619178,187.655771017075,0.768945932388306,7
0.194512508919942,98.2695648640963,210.393389701843,0.802851915359497,7
0.781005942505058,99.9999999997763,129.770484924316,1.02323794364929,7
1.52746891098508,100,155.968748092651,1.06315994262695,7
0.922321309867772,99.9955105614328,155.971258163452,0.879651069641113,7
2.03611057440626,69.987090521559,158.234527587891,0.86368989944458,7
4.25355090932205,74.5011320473368,378.986324071884,0.613394021987915,7
1.57748780442399,100,249.700644731522,0.631282091140747,7
0.0780485573241417,99.9999999999999,172.621975898743,0.669234991073608,7
0.889984173282793,99.9096176285271,185.650695085526,0.649231195449829,7
1.04793471005057,100,136.825311899185,0.717425107955933,7
0.967004620430743,95.5595627502142,140.038651943207,0.670176029205322,7
2.11398162671436,60.2520087397715,147.476452350616,0.680183887481689,7
0.00274349793308542,100,187.265246391296,0.626294851303101,7
0.241550847227276,100,151.341834306717,0.637299060821533,7
4.87885542874912,96.0685872713605,133.154297590256,0.652256965637207,7
2.22919559440168,99.9592791722895,230.885870695114,0.785903930664062,7
0.860117170527067,99.6730329654513,137.188792705536,1.06814694404602,7
1.38177807194789,100,194.608069658279,0.977388858795166,7
0.68326733450037,99.9999999998772,154.736185312271,1.22373008728027,7
0.37755395824086,90,188.622387170792,0.876658916473389,7
0.0870809472637168,100,218.822139263153,0.694184064865112,7
1.09163357850548,100,237.423706293106,0.751987934112549,7
0.323870670057105,100,169.352102279663,0.763988971710205,7
2.38279454492582,82.6448031616558,135.511700630188,0.643250942230225,7
0.0527468239473155,100,179.379200696945,1.08313202857971,7
0.256075390077541,99.9556866901363,177.295902490616,1.43915510177612,7
1.51175513293977,99.9777037860905,186.437049865723,1.36036491394043,7
2.80084790672863,99.9994573079979,305.459624528885,1.08908915519714,7
0.690314000075144,99.9996479790452,143.228580236435,2.16421699523926,7
0.573835341008056,99.9818594826252,136.114542007446,2.15324401855469,7
2.49697906802241,90.0000128197942,139.036683559418,1.50398302078247,7
0.422194115155104,100,176.14200091362,1.93482899665833,7
72.8701478933413,28.1056020422636,148.573510408401,2.0166130065918,7
0.253506076937633,100,157.869450807571,1.65357899665833,7
10.0038792605492,63.7530487441465,224.473226070404,1.56681394577026,7
30.6759655767138,69.7514125196885,90.4838945865631,1.964998960495,7
1.04920525940308,99.9999999999908,211.176244974136,2.46541094779968,7
0.297793031417364,100,189.113272428513,1.72837996482849,7
0.480354377215791,99.9999999804657,184.198735713959,1.83609199523926,7
1.20628380771237,99.9999937866317,170.27831363678,0.77895188331604,7
1.46122830058652,99.9773844206125,151.796310424805,0.93353796005249,7
2.99405618931661,95.7471052617826,127.807687044144,1.29852914810181,7
2.95114958357356,99.9999999993012,142.935407161713,0.689186096191406,7
15.0280126641787,84.7984986699429,263.3356153965,0.697168111801147,7
20.4429646560949,69.5444549926717,128.206815958023,0.703155994415283,7
38.0993789966067,10.1402684984936,200.646464586258,1.06216287612915,7
1.74236296320908,100,156.315962314606,1.54985904693604,7
7.11805524621299,95.1671376917418,94.1278898715973,1.50298309326172,7
0.589301348560869,99.8616678051047,129.025111198425,0.715089082717896,7
0.115424698375104,99.9989925194531,169.655112504959,0.653252124786377,7
2.06344784971084,99.9999999705841,151.313210964203,0.833768129348755,7
2.36508662360339,99.9709839370648,160.86421751976,0.830781936645508,7
0.343763243981293,89.4411732246081,169.584079504013,0.785900831222534,7
0.0769538234791255,100,127.259244203568,0.786897897720337,7
0.135629625741061,100,151.136746644974,0.668214082717896,7
4.02358490604935,98.0588499989962,161.056625843048,0.659237861633301,7
0.728428124791562,99.8904082680484,140.363510370255,0.680155038833618,7
1.50165523276111,97.5328261549077,161.054478406906,1.25664401054382,7
5.22426759642532,99.9076962037244,107.693858623505,0.888624906539917,7
5.17208074460844,99.9999983018512,143.446509122849,0.698137998580933,7
2.34382830723418,100,192.460840463638,0.711098909378052,7
0.856279483931741,99.9999999992233,186.894820451736,0.957442045211792,7
0.206445179905162,99.9992596888853,162.539757013321,1.50198698043823,7
1.1357032221339,99.999988572504,259.813423871994,0.783906936645508,7
0.885921014890175,98.0437459058759,150.697631597519,0.965421915054321,7
3.80334382285849,97.6572208471534,97.4364879131317,0.807838916778564,7
0.116792504725505,99.5751812481912,249.918624639511,1.45211815834045,7
3.683637404912,99.9991576317304,102.390400409698,0.703123092651367,7
0.343577591491772,99.9999999999999,177.882967233658,1.17685294151306,8
0.236814698731448,99.9999999999998,220.077174901962,0.899595022201538,8
4.40827463488655,99.9999990927847,203.714483976364,0.977388143539429,8
11.0951189762858,99.9999999999423,194.626135349274,1.45611691474915,8
8.28726494156991,88.0409227613249,165.193703651428,0.850725889205933,8
4.27753295268443,100,190.015167236328,0.83676290512085,8
8.3447271885066,99.9999997314421,148.929585456848,1.33742594718933,8
1.04201302334618,91.0394631302693,217.335061311722,1.16887497901917,8
3.56174757362711,80.0001278973853,167.817232370377,0.960432052612305,8
0.0645770111411407,100,167.612932443619,1.06515502929688,8
1.33071156266001,99.9999999982994,169.471107959747,1.32446193695068,8
3.90092538564677,99.9999993998591,254.721861362457,0.967414855957031,8
0.0607346951129564,99.2901214051883,171.912778139114,0.957443952560425,8
2.01130787371251,99.9999993642391,189.069738149643,0.945473194122314,8
0.0208349457536204,100,214.686858177185,0.811830997467041,8
0.349448853923723,99.9999999988598,188.655005931854,1.12499308586121,8
4.984053704359,99.5252600611615,245.515902280807,0.829808950424194,8
0.29950810092389,99.9999999645818,224.597659111023,0.758935928344727,8
3.23310254444102,99.9999999963086,158.53234577179,0.817815065383911,8
1.67381426774514,100,179.22575712204,0.903586149215698,8
0.552432731680826,99.9999922549034,157.643993854523,0.905579090118408,8
0.639347886803654,40.000155295777,246.498897314072,1.03024506568909,8
16.3487971542138,71.0180732981377,217.055074930191,0.702091932296753,8
1.57039082184437,99.9999252172657,140.459753274918,0.884634971618652,8
0.12599929766214,99.9999999998888,186.212180137634,0.840719938278198,8
0.219115300559502,99.9997446598516,158.817831993103,1.03323888778687,8
1.75543572688292,99.9956417049605,156.178278684616,1.56381797790527,8
1.57249033521186,99.9917921512584,190.951796293259,2.26195597648621,8
3.79439946904608,90,157.712392091751,1.30651378631592,8
2.06173936021525,99.9999998669341,189.426876544952,2.16920399665833,8
6.36679812958622,98.0603196925789,242.861074924469,1.0850989818573,8
10.0750542783344,96.7712832754883,180.622171401978,1.13795590400696,8
5.1890112622438,89.3646113144368,245.769471645355,1.08709621429443,8
0.755502584024681,99.9999997183909,180.005357027054,1.281574010849,8
1.50148271754405,99.9999999999996,147.244978189468,2.36368298530579,8
0.818312749661611,99.9931260679808,233.157774925232,0.821803092956543,8
1.85536099785523,70.5002517087239,170.752889156342,0.771936893463135,8
5.10239342571905,99.9974840044359,237.515774965286,1.21076393127441,8
1.59772554144357,100,167.997235774994,1.28955602645874,8
0.0810062330301494,99.9999999999999,176.284257411957,1.27459406852722,8
0.561961422622885,99.9660603264403,183.742879152298,0.766983985900879,8
1.05475252875344,100,140.978624105453,1.09607100486755,8
1.98931990897987,89.5324351863665,146.391073942184,0.696110010147095,8
2.30686903719762,70,156.925716161728,1.05913710594177,8
0.00917959792581187,100,233.760994911194,1.28057408332825,8
0.241539039169898,100,152.112768411636,1.87897682189941,8
3.17531817106428,98.1766798474266,153.778438329697,0.750993013381958,8
2.94134136441595,99.576952612061,255.93794965744,0.708142995834351,8
0.818733388095572,99.628346578897,154.191808462143,0.686195135116577,8
1.38307536976988,100,187.367967844009,0.707082033157349,8
0.727894037259996,99.9999999999721,167.465010404587,0.690156936645508,8
0.375046013197079,90,180.228157520294,0.693149089813232,8
0.0864763702774765,100,252.44951581955,0.694180965423584,8
2.71324023019056,99.9999999999999,268.196749687195,0.715088844299316,8
0.323258475325485,100,216.112589836121,0.696139812469482,8
2.38645987709996,83.6113668695771,155.617795228958,0.718080043792725,8
0.0520607808822635,100,198.729879140854,0.706142902374268,8
0.238918044359452,99.9803502593063,289.531731128693,0.739992141723633,8
1.51169754279474,99.9780484207154,254.826332092285,0.716158151626587,8
2.80368099477745,99.998511407324,301.286314964294,0.703090190887451,8
0.931912403202159,99.9996405438683,154.985443353653,0.687193870544434,8
0.585750044363473,99.9865483422931,143.089723825455,0.702124118804932,8
2.50082986057711,90.0000000509003,154.065957069397,0.699131965637207,8
0.188720392122158,100,265.141821622849,0.707108974456787,8
68.8452416155758,30.0297373683118,151.381924390793,0.818779945373535,8
0.261108486999326,100,165.598515748978,0.976425170898438,8
25.888954779329,39.7670717690742,199.290416002274,0.699163198471069,8
100.484569538195,46.2349283683592,110.558752298355,0.701163053512573,8
1.0482500314732,99.9999999999904,204.474757432938,0.72509503364563,8
0.298578143736692,100,202.043051719666,0.954452991485596,8
0.479059218137692,99.9999999780049,209.752672195435,0.732010841369629,8
1.24985756568925,99.9999957023583,262.533403396606,0.722066879272461,8
1.47554081578573,99.9806820722689,151.518602132797,0.706145048141479,8
2.6796261317429,97.9778618915176,158.281471729279,0.717056035995483,8
3.0266260994821,99.9999999984992,166.118520975113,0.804817914962769,8
16.1640130444963,72.9326605539225,188.333105325699,0.965453147888184,8
23.1866952828665,65.2986417283766,221.726728439331,0.826756954193115,8
37.6884608866284,10.1199258072755,349.650215625763,0.894608020782471,8
1.74288070697547,100,184.376485824585,1.08008193969727,8
5.60370842395933,95.2898521206254,104.600975990295,1.60570907592773,8
1.53471982197452,99.8050622688301,145.905363321304,1.13895916938782,8
0.0743848488448571,99.9971099275425,165.98783659935,0.765949010848999,8
2.05695776573794,99.9999999551185,208.263614654541,1.32745409011841,8
2.32169564268656,99.9714494659235,212.225508213043,0.787894010543823,8
0.967236350256819,98.964302834351,166.859165430069,0.834774017333984,8
0.0763644059281183,100,133.783691883087,0.797868013381958,8
0.224574877848711,100,148.013877391815,0.879647970199585,8
7.79336063098288,98.7822872591101,158.015792608261,1.27060604095459,8
0.637499654035698,99.9884666074927,235.517273426056,1.09803915023804,8
1.32429015763677,97.2114730113258,188.900552272797,0.971406936645508,8
4.65223027120243,99.9625430260024,151.817366838455,0.89461088180542,8
4.59323483491647,99.9999985135562,202.175075531006,0.808837175369263,8
1.53977319005625,100,158.244197130203,0.626357078552246,8
0.706445074781382,99.9999999994577,203.557335615158,0.61738395690918,8
0.114035406921451,99.9995490672431,153.196874380112,0.633281946182251,8
1.18823158163064,99.9999920237613,256.254596710205,1.07815098762512,8
0.896859225467861,98.3509570722718,170.767601251602,1.0581681728363,8
2.0108520846502,98.0176434494851,170.998520612717,0.855843067169189,8
0.49091590540155,99.1043185199135,326.61865067482,0.928521156311035,8
2.4758924645926,99.8776279219978,148.012807369232,0.682178974151611,8
0.344821129438349,100,241.891582489014,0.984336137771606,9
0.113872748419116,100,295.214006662369,1.3833019733429,9
4.90995421464481,99.9999983939743,228.819327831268,1.84407305717468,9
10.7853930865486,99.9999956046405,208.611119747162,2.6479229927063,9
7.95731106495911,88.1918692076271,203.06641459465,1.69646692276001,9
4.64459250902748,90.5351781779045,197.932116031647,1.69148087501526,9
7.85239352380394,99.9999997952111,178.191116571426,0.823797941207886,9
1.59681012383523,86.2961363012279,251.597564697266,0.741047859191895,9
3.56815036032258,80.000019974128,190.832855939865,0.818812847137451,9
0.074003475178505,100,202.394808530807,0.74201512336731,9
1.35242632789188,99.9999997982389,178.799383401871,1.06714606285095,9
3.76041932206377,99.9999998504083,338.404705047607,0.813825130462646,9
0.0631467301864949,99.1694383855675,204.25383234024,0.826790809631348,9
0.557745629871191,99.999998058424,179.229773759842,0.77193808555603,9
0.0333044787454662,100,314.276268720627,1.09104990959167,9
0.331127377920034,99.999999998846,212.146372556686,0.973400115966797,9
5.77656074785895,100,257.467818021774,1.01229405403137,9
0.291977069225131,99.9999999732064,306.036360502243,1.78722500801086,9
2.94219042941657,99.9999999936027,274.552511930466,2.52226090431213,9
1.67913923713156,100,176.853813171387,1.15391683578491,9
0.542075073637874,99.999994031544,154.655495166779,1.15491199493408,9
0.594411407441442,39.9999999374325,303.130754947662,0.719078063964844,9
13.707562856269,77.635875759388,213.78889966011,1.73935198783875,9
2.49388334893383,99.9999289200459,168.93833732605,1.40430307388306,9
0.12960781568533,99.9999999998597,194.032202005386,0.977166175842285,9
0.589160102468012,99.9999236861987,153.009523630142,0.851570129394531,9
1.77066660063392,99.9950722398473,175.125731229782,0.907112836837769,9
1.22265862528637,99.9986777235096,161.474781513214,0.669259071350098,9
3.79908065684497,90.0000000000001,179.720296859741,0.751989126205444,9
1.98932002333251,99.9999991791921,203.483699321747,0.717964172363281,9
6.24996005303444,97.5813338120743,270.011086940765,0.700670003890991,9
10.2153913280947,77.5661919063019,182.039789676666,0.771340131759644,9
4.0702998558257,91.9062495509968,324.994203090668,0.752295970916748,9
0.687203280433865,99.9999997791407,210.323216199875,0.765568017959595,9
1.54412877761586,100,176.002677679062,0.69513988494873,9
0.884976145269638,99.9857143810957,245.45831823349,0.690158128738403,9
1.86206760277557,70.714141175757,199.347018003464,0.685170888900757,9
4.83721569631374,99.9978425472081,248.778620958328,0.638301849365234,9
1.5894134279486,100,206.286021709442,0.660236835479736,9
0.082022836683189,99.9999999999999,174.326367378235,0.635551929473877,9
1.841869414673,99.4631730051532,236.172072410583,0.646244049072266,9
1.0462795766771,100,162.33168053627,0.694146156311035,9
1.77202507969878,91.9014349352305,163.531424760818,0.745041131973267,9
2.26957297365525,70,238.343497514725,0.729018926620483,9
0.00278238491659446,100,240.278660297394,0.700094938278198,9
0.241401901417028,100,164.117177963257,0.711100101470947,9
2.02194741421444,89.2426631183047,153.441391468048,0.669211864471436,9
2.42006341239407,99.7335105329623,255.593349456787,0.644244909286499,9
0.801780734394859,99.6347342632314,180.422065973282,0.634274005889893,9
1.3843091032922,100,209.96845126152,0.638295888900757,9
0.712027418036541,99.9995214673636,190.56903719902,0.630313873291016,9
0.383450540658593,90,189.666565418243,0.755979061126709,9
0.0868164861362797,100,261.466264724731,0.826793193817139,9
2.71248969253737,99.9999999999998,245.104228973389,0.692151069641113,9
0.304184608414448,100,207.232202529907,0.637296915054321,9
2.32692147696181,86.6897130332791,175.218605995178,0.685196876525879,9
0.057470396204936,100,211.68863940239,0.727058887481689,9
0.262483695509366,99.9807388868313,336.797461748123,0.737032890319824,9
1.87978988503488,100,172.769030332565,0.692150115966797,9
2.8882888070324,99.9968972668484,276.077166318893,0.826794147491455,9
0.942507813643759,99.9996228324094,184.082122564316,0.864176034927368,9
0.824489925046307,99.9980147610953,182.581539392471,0.881672143936157,9
2.49842698559194,90.0002306376119,228.346788406372,0.745038986206055,9
0.422902922560773,100,275.22145652771,0.657274961471558,9
24.1928943380774,70.3011460226707,165.595331430435,0.681177854537964,9
0.35284756594403,100,250.61825966835,0.680216073989868,9
24.7840117059332,40.8635496152805,240.195244789124,0.686170816421509,9
78.5662774149197,51.3319779838063,165.046992778778,0.707112073898315,9
1.03607656114658,99.9999999999899,205.666369438171,0.75967001914978,9
0.296232198452639,100,230.052479982376,0.686198949813843,9
0.465991942899962,99.9999999600479,217.42048740387,0.73403787612915,9
1.05790007480447,99.9999947162853,278.28065776825,0.717607975006104,9
1.69884830700476,99.9937441538424,178.826121807098,0.659273147583008,9
2.14310972852041,98.5326074270708,159.513264417648,0.779942035675049,9
3.02143594913857,99.9999999993287,166.985332489014,0.738024950027466,9
15.6142736236322,74.0767425674564,287.541357755661,0.730080127716064,9
21.8948080832233,63.838798249948,161.051654338837,0.654220104217529,9
37.001836785181,10.150076625027,366.367676258087,0.632343053817749,9
1.75005882903897,100,213.175213336945,0.645272016525269,9
10.1471964701189,98.4963443582592,107.390493154526,0.642282009124756,9
1.51781500244076,99.8025979411805,153.221285820007,0.632341861724854,9
0.0655086866991674,99.9967384192857,180.742089033127,0.63530707359314,9
2.0655205475467,100,222.482579946518,0.622342109680176,9
2.40268153566291,99.9687000680123,258.363353729248,0.630345106124878,9
0.943273018941844,98.9688083066151,176.9532558918,0.655248880386353,9
0.0792304549203042,100,181.085886478424,0.691188097000122,9
0.22162758118445,100,159.354066133499,0.693174123764038,9
7.40759646640792,98.4471142771436,189.081183433533,0.694143056869507,9
0.660079945126682,99.9869988351465,151.790350914001,0.602418899536133,9
1.17485324352891,96.1902332945489,212.370057106018,0.610396862030029,9
5.15916501481103,99.9117040465358,118.407799243927,0.696141004562378,9
4.86093048235487,99.9999992876049,246.40425825119,0.712448120117188,9
1.69320567143345,100,159.315193414688,0.782227993011475,9
0.747171210311368,99.9999999990903,199.709463834763,0.693397998809814,9
0.193369103796512,99.9987795660028,159.9610850811,0.616350889205933,9
1.51393631464765,99.9999788029613,323.531058311462,0.730462074279785,9
0.887514367821378,98.4097574641326,211.954030513763,1.07642889022827,9
2.28840374112208,98.6487064296102,164.536712408066,0.686166048049927,9
0.490519277207539,99.076331654055,262.175352811813,0.589424848556519,9
3.66017768593389,99.9939261551736,114.863822460175,0.605381965637207,9
0.348620145503658,100,205.2820789814,0.68716287612915,10
0.106557191034421,99.9999999999976,279.629854440689,0.742016792297363,10
3.51281448943469,99.9999965797041,255.33983707428,0.731045961380005,10
7.6735775101362,96.4836130844768,304.488073587418,0.616353988647461,10
17.5345847104933,83.8467987970731,202.682796955109,0.604410886764526,10
4.03054990798583,91.6954765670988,230.229858636856,0.666218042373657,10
7.76107036525414,99.9999997749314,201.405430078506,0.730048894882202,10
1.09962884198445,91.23366553132,261.188980817795,0.736032009124756,10
3.58902224447997,89.9999992975339,212.434907913208,0.655251026153564,10
0.0537521135176695,100,213.869388580322,0.610367059707642,10
1.3255959847775,99.9999998405802,177.453739404678,0.684170007705688,10
3.82836006389291,99.9999989279008,315.825772762299,0.745390892028809,10
0.0875926576454566,99.2310337577828,211.165638446808,0.737061977386475,10
1.29139785917332,99.9999864380917,205.092772960663,0.679218053817749,10
0.0352627404779363,99.9999999999998,262.909631967545,0.607407093048096,10
0.33318817424568,99.9993553442648,255.356062889099,0.923559904098511,10
5.03178157631227,99.5086004090999,320.606282949448,0.729051113128662,10
0.301342118062378,99.99999995389,272.221153497696,0.74201488494873,10
3.39721570834312,99.9999894496531,191.449367284775,0.72006893157959,10
0.798124234645278,100,188.47429227829,0.746031999588013,10
0.570199292396317,99.9999917857226,190.836001396179,0.985413789749146,10
0.626060322114659,40.0000150770062,319.158831357956,0.801122903823853,10
8.63736386240497,99.4372243250647,275.4283618927,1.13596796989441,10
2.47871639630035,99.9999512586276,178.642484426498,1.05418491363525,10
0.135354472571138,99.9999999997289,211.87513589859,0.809834957122803,10
0.0353140216788138,99.9998946057551,204.285928487778,0.815813064575195,10
1.45588963405327,99.4609796704352,267.761126279831,1.00129389762878,10
1.25439258322543,99.998746422899,195.123076915741,1.01326298713684,10
3.77460482495209,90,172.082352161407,1.35039114952087,10
1.1085550248508,99.9999982472128,236.527311563492,1.21672105789185,10
11.0998653433192,90.0039330742616,304.812710046768,1.06412506103516,10
10.8682256008011,79.999999323435,210.079287052155,1.60982990264893,10
3.31661878185986,92.6070229085637,325.579288959503,1.05382609367371,10
0.37209068302761,99.9999998708593,312.906210660934,1.18621706962585,10
1.93174748779656,100,231.260138988495,1.50672483444214,10
1.05154459031622,99.9964925039574,275.477911233902,1.60568189620972,10
1.85635832746485,70.853324163527,196.179927349091,1.80504608154297,10
4.90792104679454,99.9970490044797,281.877371072769,1.68989205360413,10
1.56467047145219,100,219.714642286301,1.48792910575867,10
0.079205297010428,99.9999999999999,221.954956054688,1.59171104431152,10
1.44783075321088,99.8206654342365,250.976237535477,2.22672009468079,10
1.1269320703184,100,168.386594772339,1.75344395637512,10
1.8411451349185,91.602096644493,166.333159685135,1.74451303482056,10
2.25125653287838,69.9999999999933,196.46223115921,1.98313999176025,10
0.00279899355503269,100,257.894293546677,2.09781002998352,10
0.253863780080375,100,182.012825727463,1.78514194488525,10
7.10645626943977,97.211628333848,266.369240999222,2.12425112724304,10
2.95747304140377,99.7949884443866,285.440307617188,1.95141696929932,10
0.722895933620983,99.6936097343468,165.334493875504,1.65999507904053,10
1.38384597193549,100,222.141943454742,1.7228901386261,10
0.870025302623894,99.99999999965,196.565952539444,1.79538893699646,10
0.382408831843793,90,261.069863319397,1.99906301498413,10
0.086586706904568,100,344.478415489197,2.28460597991943,10
2.64151371033912,99.9999999999998,338.017899513245,1.93735885620117,10
0.294923738109608,100,225.39678311348,1.64574193954468,10
1.96103265426155,82.1643649598571,186.198564291,1.6519079208374,10
0.0502299628454077,100,260.992955446243,1.8929009437561,10
0.245601098515268,99.977831320181,312.800026655197,1.68719506263733,10
1.67002524675746,100,283.343284368515,1.98078584671021,10
2.9492202049147,99.9895107987604,295.615124225616,2.37484288215637,10
1.01500193838944,99.9996554902677,212.057265758514,1.91098618507385,10
0.779724209649985,99.9968857956736,222.809426546097,2.2340841293335,10
2.49848173033113,90.0000058252858,211.316313266754,1.97564816474915,10
0.447837019959673,100,303.175647735596,1.75642704963684,10
12.5022267229364,84.4862417020205,163.96986246109,1.74459409713745,10
0.254935038099718,100,284.416503667831,2.2071738243103,10
11.9866276263112,58.6596915546114,291.970440626144,2.52736687660217,10
141.461092570428,31.2627145309466,121.203393697739,1.98903799057007,10
1.02449277220876,99.9999999999794,197.570425510406,1.91179394721985,10
0.294737308250025,100,236.708275794983,3.1778519153595,10
0.439679111602268,99.999999940836,210.616960763931,1.98944497108459,10
1.04901777732093,99.9999576452511,324.913134098053,1.70364499092102,10
1.96862518289283,99.9367565586247,156.438327550888,2.28096008300781,10
3.59352731846694,95.1046551877557,215.331417560577,3.4819540977478,10
3.01163328458745,99.9999999992274,175.609048604965,2.02375292778015,10
16.5739878880404,79.928950121286,306.059371471405,1.88799405097961,10
20.4850383341919,63.2804827501198,211.449948072433,1.87686109542847,10
37.4494557038018,10.2625378721015,355.176782131195,1.93722295761108,10
1.74849964790489,100,200.689535617828,2.51546597480774,10
10.8385481405049,98.7032704211048,113.675548553467,2.21352601051331,10
2.12423387287102,99.3903074407018,205.353588581085,3.23429799079895,10
0.091029783532807,99.9970551800518,278.139518499374,11.2393519878387,10
2.11918397318977,99.9999999999999,235.685303449631,7.15174889564514,10
2.36142207142041,99.9857589361131,261.85776424408,4.33339095115662,10
0.94571001458982,98.9998120236179,189.012455701828,2.02565813064575,10
0.0747619279313061,99.9999998279597,202.440176963806,2.04498195648193,10
0.199568160419702,100,172.224323987961,1.9626989364624,10
3.53797446280646,97.5150411835351,182.961093425751,2.27688813209534,10
0.806904233045452,99.9691553359443,186.13282084465,2.27436208724976,10
1.06110766611396,97.3289480276094,278.023921251297,2.05442094802856,10
4.46622671817684,99.9723261998952,159.192851781845,2.01451396942139,10
4.61406829253389,99.9999986704523,276.661050081253,1.65453290939331,10
2.10109176533682,100,231.696440935135,1.65382814407349,10
0.701901904278551,99.9999999961697,201.995301008224,1.59680700302124,10
0.200053443533227,99.9978570000768,267.207168340683,2.30452704429626,10
1.18276290372955,99.9999044574421,291.387219429016,1.94046807289124,10
0.932928180798466,98.5388279550122,249.331941366196,2.05219602584839,10
3.65277672349988,98.7163100043258,175.134574651718,5.5891900062561,10
0.504115691504376,99.1880763790086,301.823354244232,3.83775997161865,10
2.71897876992812,99.9033650675299,183.097141027451,5.71809911727905,10
