Method,ID,MSE,WCIC
Magma,010-04050,16.142546559901678,80
MagmaClust - K = 2,010-04050,15.488855393539348,100
MagmaClust - K = 3,010-04050,18.5454569577057,100
MagmaClust - K = 4,010-04050,16.473317697965214,100
MagmaClust - K = 5,010-04050,16.698836367991365,100
MagmaClust - K = 6,010-04050,13.289348488174047,100
Magma,010-04065,0.9639152916359002,100
MagmaClust - K = 2,010-04065,1.3857119255748622,100
MagmaClust - K = 3,010-04065,1.0814342897308173,100
MagmaClust - K = 4,010-04065,1.1629190094937853,100
MagmaClust - K = 5,010-04065,1.1129182126439459,100
MagmaClust - K = 6,010-04065,1.893746661228347,100
Magma,010-04072,4.735822233290045,100
MagmaClust - K = 2,010-04072,6.111965770252758,100
MagmaClust - K = 3,010-04072,4.669463463862751,100
MagmaClust - K = 4,010-04072,5.742743036871074,100
MagmaClust - K = 5,010-04072,5.758027959248568,100
MagmaClust - K = 6,010-04072,4.0894752097158875,100
Magma,010-04082,3.0942046106934185,100
MagmaClust - K = 2,010-04082,3.2417549795854255,100
MagmaClust - K = 3,010-04082,3.9592817448457525,100
MagmaClust - K = 4,010-04082,3.4983650207674066,100
MagmaClust - K = 5,010-04082,3.6636315387125404,100
MagmaClust - K = 6,010-04082,3.7631036211757536,100
Magma,010-14009,48.83878726996687,20
MagmaClust - K = 2,010-14009,53.94473843118131,20
MagmaClust - K = 3,010-14009,54.61127692129911,20
MagmaClust - K = 4,010-14009,53.84785026600561,20
MagmaClust - K = 5,010-14009,53.504663436370265,20
MagmaClust - K = 6,010-14009,54.50556858431846,20
Magma,010-14026,0.44234584536199445,100
MagmaClust - K = 2,010-14026,0.2112428601583476,100
MagmaClust - K = 3,010-14026,0.10058859813644143,100
MagmaClust - K = 4,010-14026,0.16295495958117104,100
MagmaClust - K = 5,010-14026,0.1450807200810045,100
MagmaClust - K = 6,010-14026,0.08003711242761728,100
Magma,010-14064,0.2959414532767121,100
MagmaClust - K = 2,010-14064,0.8212999178822092,100
MagmaClust - K = 3,010-14064,1.032472857888536,100
MagmaClust - K = 4,010-14064,0.9255693204183351,100
MagmaClust - K = 5,010-14064,0.9667583974967335,100
MagmaClust - K = 6,010-14064,1.1052302246961077,100
Magma,010-20032,0.907842059370099,100
MagmaClust - K = 2,010-20032,0.5293592904390189,100
MagmaClust - K = 3,010-20032,0.5971834412319232,100
MagmaClust - K = 4,010-20032,0.47173453282058436,100
MagmaClust - K = 5,010-20032,0.42022716422503525,100
MagmaClust - K = 6,010-20032,0.7389005213307318,100
Magma,010-20033,6.259085676682958,100
MagmaClust - K = 2,010-20033,4.992926609528926,100
MagmaClust - K = 3,010-20033,4.006137334972881,100
MagmaClust - K = 4,010-20033,4.782057338058613,100
MagmaClust - K = 5,010-20033,4.759720893561156,100
MagmaClust - K = 6,010-20033,3.5527476701818883,100
Magma,010-20061,20.71020331428568,40
MagmaClust - K = 2,010-20061,17.50388240430032,100
MagmaClust - K = 3,010-20061,20.80790516761295,60
MagmaClust - K = 4,010-20061,18.43330905210294,100
MagmaClust - K = 5,010-20061,19.10538796409316,80
MagmaClust - K = 6,010-20061,16.214491874211728,100
Magma,010-20103,4.811213436335213,100
MagmaClust - K = 2,010-20103,5.647817202383356,100
MagmaClust - K = 3,010-20103,4.198524442264128,100
MagmaClust - K = 4,010-20103,5.148024844063157,100
MagmaClust - K = 5,010-20103,4.619144235069472,100
MagmaClust - K = 6,010-20103,4.214237863186608,100
Magma,010-20133,1.0854748792595068,100
MagmaClust - K = 2,010-20133,0.7330541255437105,100
MagmaClust - K = 3,010-20133,0.33122453237769217,100
MagmaClust - K = 4,010-20133,0.6106502360029933,100
MagmaClust - K = 5,010-20133,0.571090197445804,100
MagmaClust - K = 6,010-20133,0.23847838891877163,100
Magma,010-20178,1.269545806348958,100
MagmaClust - K = 2,010-20178,2.127522805906211,100
MagmaClust - K = 3,010-20178,1.5272945696985862,100
MagmaClust - K = 4,010-20178,2.1852305134485563,100
MagmaClust - K = 5,010-20178,2.298364583150315,100
MagmaClust - K = 6,010-20178,1.236293988100998,100
Magma,010-20193,6.944505655743968,100
MagmaClust - K = 2,010-20193,7.961175099031343,80
MagmaClust - K = 3,010-20193,9.196360473060658,80
MagmaClust - K = 4,010-20193,8.400489474948099,80
MagmaClust - K = 5,010-20193,8.634035184784208,80
MagmaClust - K = 6,010-20193,9.674996856415843,80
Magma,010-20251,1.5951632943815413,100
MagmaClust - K = 2,010-20251,1.7387333598189116,80
MagmaClust - K = 3,010-20251,1.8920774724922251,80
MagmaClust - K = 4,010-20251,1.7911236532601396,80
MagmaClust - K = 5,010-20251,1.8059239287824131,80
MagmaClust - K = 6,010-20251,1.9452422032523,80
Magma,010-20256,0.785197470593535,100
MagmaClust - K = 2,010-20256,0.29557094469070866,100
MagmaClust - K = 3,010-20256,0.553097729009257,100
MagmaClust - K = 4,010-20256,0.3564713452810093,100
MagmaClust - K = 5,010-20256,0.376328149515909,100
MagmaClust - K = 6,010-20256,0.5964962644633133,100
Magma,010-20280,0.6623128493156611,100
MagmaClust - K = 2,010-20280,0.34558561615100664,100
MagmaClust - K = 3,010-20280,0.7333514117268067,100
MagmaClust - K = 4,010-20280,0.47741977630907334,100
MagmaClust - K = 5,010-20280,0.4704393457933366,100
MagmaClust - K = 6,010-20280,0.7798415686499813,100
Magma,010-20284,2.8418846530988953,100
MagmaClust - K = 2,010-20284,3.388877098596367,100
MagmaClust - K = 3,010-20284,3.453324593515463,100
MagmaClust - K = 4,010-20284,3.528025823494304,100
MagmaClust - K = 5,010-20284,3.434299441638329,100
MagmaClust - K = 6,010-20284,2.9599366410506605,100
Magma,010-20313,1.2423043687667676,100
MagmaClust - K = 2,010-20313,1.5630130036975378,100
MagmaClust - K = 3,010-20313,1.2291197156022597,100
MagmaClust - K = 4,010-20313,1.21444770410876,100
MagmaClust - K = 5,010-20313,1.1876684601154945,100
MagmaClust - K = 6,010-20313,1.0747266042134338,100
Magma,010-20351,24.803081454575565,60
MagmaClust - K = 2,010-20351,9.60049550814248,80
MagmaClust - K = 3,010-20351,7.381332538967527,80
MagmaClust - K = 4,010-20351,16.3154267100535,60
MagmaClust - K = 5,010-20351,19.743213936927642,60
MagmaClust - K = 6,010-20351,9.64515998351481,80
Magma,010-20359,16.78997679823062,80
MagmaClust - K = 2,010-20359,14.78209898528476,100
MagmaClust - K = 3,010-20359,16.891472603789275,100
MagmaClust - K = 4,010-20359,15.257092189621556,100
MagmaClust - K = 5,010-20359,15.521475337484546,100
MagmaClust - K = 6,010-20359,12.073550767259475,100
Magma,010-20390,0.5759613697728093,100
MagmaClust - K = 2,010-20390,0.4314897210220102,100
MagmaClust - K = 3,010-20390,0.43754400476621746,100
MagmaClust - K = 4,010-20390,0.43534400003608953,100
MagmaClust - K = 5,010-20390,0.43760328222967076,100
MagmaClust - K = 6,010-20390,0.38814280810002166,100
Magma,010-20474,6.383587942615104,100
MagmaClust - K = 2,010-20474,6.519217721827267,100
MagmaClust - K = 3,010-20474,4.82742199871554,100
MagmaClust - K = 4,010-20474,5.99825881112472,100
MagmaClust - K = 5,010-20474,5.701942045139929,100
MagmaClust - K = 6,010-20474,4.7991612349047585,100
Magma,010-20492,0.7674520638427572,100
MagmaClust - K = 2,010-20492,1.299789988105969,100
MagmaClust - K = 3,010-20492,0.958644888113819,100
MagmaClust - K = 4,010-20492,1.1283179591002022,100
MagmaClust - K = 5,010-20492,1.1068753915082625,100
MagmaClust - K = 6,010-20492,0.8427392785323685,100
Magma,010-20499,2.2607542459900287,100
MagmaClust - K = 2,010-20499,1.048374455583769,100
MagmaClust - K = 3,010-20499,0.5728034267730662,100
MagmaClust - K = 4,010-20499,0.9344830392513588,100
MagmaClust - K = 5,010-20499,0.9409476029855612,100
MagmaClust - K = 6,010-20499,0.2447391040505556,100
Magma,010-20500,19.792554592031447,25
MagmaClust - K = 2,010-20500,24.06873491288504,25
MagmaClust - K = 3,010-20500,17.370754653067323,50
MagmaClust - K = 4,010-20500,23.30993906498581,25
MagmaClust - K = 5,010-20500,23.70130257973435,25
MagmaClust - K = 6,010-20500,16.684330110503428,50
Magma,010-20542,7.544143216916041,100
MagmaClust - K = 2,010-20542,7.162146468345487,100
MagmaClust - K = 3,010-20542,6.005605856652907,100
MagmaClust - K = 4,010-20542,6.846615866389717,100
MagmaClust - K = 5,010-20542,6.698677126627552,100
MagmaClust - K = 6,010-20542,6.006033602131937,100
Magma,010-20555,43.04332824516163,50
MagmaClust - K = 2,010-20555,45.922804427479846,50
MagmaClust - K = 3,010-20555,41.663469040978036,50
MagmaClust - K = 4,010-20555,43.661564677056106,50
MagmaClust - K = 5,010-20555,43.67364336625247,50
MagmaClust - K = 6,010-20555,40.40628766044563,50
Magma,010-20556,1.4251823019135177,80
MagmaClust - K = 2,010-20556,1.4233219028403878,80
MagmaClust - K = 3,010-20556,2.2143141668331214,80
MagmaClust - K = 4,010-20556,1.626475681032157,80
MagmaClust - K = 5,010-20556,1.7842501249306295,80
MagmaClust - K = 6,010-20556,2.353640328354892,80
Magma,010-20560,2.6359198379549214,100
MagmaClust - K = 2,010-20560,4.318656492225199,100
MagmaClust - K = 3,010-20560,2.615255047551423,100
MagmaClust - K = 4,010-20560,4.108414151446752,100
MagmaClust - K = 5,010-20560,4.177204059213636,100
MagmaClust - K = 6,010-20560,2.2395622618747653,100
Magma,010-20607,14.68863404961134,75
MagmaClust - K = 2,010-20607,12.538901718590964,75
MagmaClust - K = 3,010-20607,9.60926915530561,100
MagmaClust - K = 4,010-20607,11.659970397661679,75
MagmaClust - K = 5,010-20607,11.30445355341053,75
MagmaClust - K = 6,010-20607,8.712167152939333,75
Magma,010-20630,1.4059857327741445,100
MagmaClust - K = 2,010-20630,0.805242970145008,100
MagmaClust - K = 3,010-20630,0.9084690584993222,100
MagmaClust - K = 4,010-20630,0.9004164042656617,100
MagmaClust - K = 5,010-20630,1.0101973957157606,100
MagmaClust - K = 6,010-20630,0.8012932827103639,100
Magma,010-20634,0.5633267458335494,100
MagmaClust - K = 2,010-20634,0.3995732403337976,100
MagmaClust - K = 3,010-20634,0.10880977926279231,100
MagmaClust - K = 4,010-20634,0.29389381111118507,100
MagmaClust - K = 5,010-20634,0.2478876257087969,100
MagmaClust - K = 6,010-20634,0.0929095330557803,100
Magma,010-20640,1.7255046265919596,100
MagmaClust - K = 2,010-20640,1.9115839728246002,100
MagmaClust - K = 3,010-20640,1.4730255427038585,100
MagmaClust - K = 4,010-20640,1.6158828813022708,100
MagmaClust - K = 5,010-20640,1.7280381589289424,100
MagmaClust - K = 6,010-20640,1.1852458156853845,100
Magma,010-20657,0.2884060037792602,100
MagmaClust - K = 2,010-20657,0.13058828979690468,100
MagmaClust - K = 3,010-20657,0.17981551853416525,100
MagmaClust - K = 4,010-20657,0.12545056469383353,100
MagmaClust - K = 5,010-20657,0.12709930577592088,100
MagmaClust - K = 6,010-20657,0.23462426773895873,100
Magma,010-20668,0.30009428802383903,100
MagmaClust - K = 2,010-20668,0.2503711773318745,100
MagmaClust - K = 3,010-20668,0.31548443345996185,100
MagmaClust - K = 4,010-20668,0.2761979347902801,100
MagmaClust - K = 5,010-20668,0.3079428922946475,100
MagmaClust - K = 6,010-20668,0.2538008590303133,100
Magma,010-20671,0.8339345054793358,100
MagmaClust - K = 2,010-20671,0.6815197262669286,100
MagmaClust - K = 3,010-20671,0.6716056397813167,100
MagmaClust - K = 4,010-20671,0.68030213799985,100
MagmaClust - K = 5,010-20671,0.6831535403180068,100
MagmaClust - K = 6,010-20671,0.6458182178289449,100
Magma,010-20692,2.189015586581497,100
MagmaClust - K = 2,010-20692,1.2007697535511748,100
MagmaClust - K = 3,010-20692,2.5594879049565473,100
MagmaClust - K = 4,010-20692,1.1610898243024974,100
MagmaClust - K = 5,010-20692,1.045204146596841,100
MagmaClust - K = 6,010-20692,3.034713302223091,100
Magma,010-20753,0.16031422984551827,100
MagmaClust - K = 2,010-20753,0.12940945810918617,100
MagmaClust - K = 3,010-20753,0.14093560245864714,100
MagmaClust - K = 4,010-20753,0.14545794252465044,100
MagmaClust - K = 5,010-20753,0.15471154749106836,100
MagmaClust - K = 6,010-20753,0.1427821494647042,100
Magma,010-20796,15.65469924597212,75
MagmaClust - K = 2,010-20796,18.355291160363915,75
MagmaClust - K = 3,010-20796,14.897614154419337,100
MagmaClust - K = 4,010-20796,17.10449195480968,100
MagmaClust - K = 5,010-20796,16.403505643347454,100
MagmaClust - K = 6,010-20796,17.80220055257338,75
Magma,010-20799,0.1220987883213768,100
MagmaClust - K = 2,010-20799,0.3146616054664042,100
MagmaClust - K = 3,010-20799,0.13226556681911686,100
MagmaClust - K = 4,010-20799,0.26027629413806036,100
MagmaClust - K = 5,010-20799,0.2862602119630373,100
MagmaClust - K = 6,010-20799,0.12327005608548497,100
Magma,010-20839,3.87101706636995,100
MagmaClust - K = 2,010-20839,4.719150650870707,100
MagmaClust - K = 3,010-20839,5.1227021423722565,100
MagmaClust - K = 4,010-20839,4.894038237981677,100
MagmaClust - K = 5,010-20839,4.840689957574025,100
MagmaClust - K = 6,010-20839,4.652623700730794,100
Magma,010-20861,1.104961446986078,100
MagmaClust - K = 2,010-20861,0.4772797414169749,100
MagmaClust - K = 3,010-20861,0.3304465019962062,100
MagmaClust - K = 4,010-20861,0.41714313531931574,100
MagmaClust - K = 5,010-20861,0.40238048862131165,100
MagmaClust - K = 6,010-20861,0.29380383215223044,100
Magma,010-20871,0.5594581613198373,100
MagmaClust - K = 2,010-20871,0.24677543142408162,100
MagmaClust - K = 3,010-20871,0.24324191186399025,100
MagmaClust - K = 4,010-20871,0.2375421128438975,100
MagmaClust - K = 5,010-20871,0.23706301829194054,100
MagmaClust - K = 6,010-20871,0.2601894874941171,100
Magma,010-20985,3.9670632323956623,100
MagmaClust - K = 2,010-20985,3.0669401353998156,100
MagmaClust - K = 3,010-20985,2.3451073655808017,100
MagmaClust - K = 4,010-20985,2.8351682154862825,100
MagmaClust - K = 5,010-20985,2.753612578736878,100
MagmaClust - K = 6,010-20985,2.122741094214392,100
Magma,010-21001,4.366446043821318,100
MagmaClust - K = 2,010-21001,3.30719387150264,100
MagmaClust - K = 3,010-21001,2.459391596319455,100
MagmaClust - K = 4,010-21001,3.055514666051961,100
MagmaClust - K = 5,010-21001,3.0015814645813195,100
MagmaClust - K = 6,010-21001,1.8451480945632643,100
Magma,010-21017,1.1459621837403435,100
MagmaClust - K = 2,010-21017,0.7261155547796185,100
MagmaClust - K = 3,010-21017,1.3042566203913233,100
MagmaClust - K = 4,010-21017,0.7076702386595666,100
MagmaClust - K = 5,010-21017,0.6460908659385529,100
MagmaClust - K = 6,010-21017,1.9944346167903058,100
Magma,010-21028,5.134744267003389,100
MagmaClust - K = 2,010-21028,3.775123964399352,100
MagmaClust - K = 3,010-21028,2.9018323108125625,100
MagmaClust - K = 4,010-21028,3.5257483134918792,100
MagmaClust - K = 5,010-21028,3.5305723276693706,100
MagmaClust - K = 6,010-21028,2.2360484422500777,100
Magma,010-21035,0.8799009752542164,100
MagmaClust - K = 2,010-21035,0.6032106277981885,100
MagmaClust - K = 3,010-21035,0.49708140291512615,100
MagmaClust - K = 4,010-21035,0.5508064961963793,100
MagmaClust - K = 5,010-21035,0.5444434196085521,100
MagmaClust - K = 6,010-21035,0.39856857630334286,100
Magma,010-21039,0.038049482528307525,100
MagmaClust - K = 2,010-21039,0.20898980554603366,100
MagmaClust - K = 3,010-21039,0.25075460088764356,100
MagmaClust - K = 4,010-21039,0.272343656108219,100
MagmaClust - K = 5,010-21039,0.3191073555470545,100
MagmaClust - K = 6,010-21039,0.1359045617093279,100
Magma,010-21063,3.4349154680073997,100
MagmaClust - K = 2,010-21063,2.384008829451726,100
MagmaClust - K = 3,010-21063,1.9315395551289547,100
MagmaClust - K = 4,010-21063,2.2147460624504522,100
MagmaClust - K = 5,010-21063,2.1413958632054575,100
MagmaClust - K = 6,010-21063,1.8585028325951656,100
Magma,010-21091,0.6098256950010144,100
MagmaClust - K = 2,010-21091,0.4977770114674378,100
MagmaClust - K = 3,010-21091,0.5631966878886647,100
MagmaClust - K = 4,010-21091,0.5200701136905072,100
MagmaClust - K = 5,010-21091,0.5476969088040899,100
MagmaClust - K = 6,010-21091,0.487520870510065,100
Magma,010-21109,0.40069015252524476,100
MagmaClust - K = 2,010-21109,0.5033423486656528,100
MagmaClust - K = 3,010-21109,0.7001206401372885,100
MagmaClust - K = 4,010-21109,0.5394858805036874,100
MagmaClust - K = 5,010-21109,0.5291199299576019,100
MagmaClust - K = 6,010-21109,0.8619756533189019,100
Magma,010-21127,0.29160676864015456,100
MagmaClust - K = 2,010-21127,0.3462589472210695,100
MagmaClust - K = 3,010-21127,0.23624860056619926,100
MagmaClust - K = 4,010-21127,0.32944096989770644,100
MagmaClust - K = 5,010-21127,0.34637599389494783,100
MagmaClust - K = 6,010-21127,0.2117829078302673,100
Magma,010-21142,5.220491475690606,80
MagmaClust - K = 2,010-21142,4.544506217431753,100
MagmaClust - K = 3,010-21142,6.036273123225366,100
MagmaClust - K = 4,010-21142,5.616969984438307,100
MagmaClust - K = 5,010-21142,5.455639318676796,100
MagmaClust - K = 6,010-21142,5.988390657709973,100
Magma,010-21143,1.1008758878751803,100
MagmaClust - K = 2,010-21143,0.8826674986610676,100
MagmaClust - K = 3,010-21143,0.7617825304839624,100
MagmaClust - K = 4,010-21143,0.7279176057474707,100
MagmaClust - K = 5,010-21143,0.7823473279812044,100
MagmaClust - K = 6,010-21143,1.3450621789851132,100
Magma,010-21184,1.2696257409008387,100
MagmaClust - K = 2,010-21184,0.8246306933348597,100
MagmaClust - K = 3,010-21184,0.6863134473541064,100
MagmaClust - K = 4,010-21184,0.7866927133938538,100
MagmaClust - K = 5,010-21184,0.7840844976548483,100
MagmaClust - K = 6,010-21184,0.6359822910978051,100
Magma,010-21197,3.0743688323889886,100
MagmaClust - K = 2,010-21197,2.9781198717302706,100
MagmaClust - K = 3,010-21197,2.054903708620581,100
MagmaClust - K = 4,010-21197,2.6585080860350905,100
MagmaClust - K = 5,010-21197,2.483808097620583,100
MagmaClust - K = 6,010-21197,2.0688302171885016,100
Magma,010-21222,1.4819928034692547,100
MagmaClust - K = 2,010-21222,0.9345469410553013,100
MagmaClust - K = 3,010-21222,1.5264921943625978,100
MagmaClust - K = 4,010-21222,1.364787349912492,100
MagmaClust - K = 5,010-21222,1.471397032025775,100
MagmaClust - K = 6,010-21222,1.7621061896482533,100
Magma,010-21231,5.227284617954469,100
MagmaClust - K = 2,010-21231,3.9386520762870636,100
MagmaClust - K = 3,010-21231,4.13925712084132,100
MagmaClust - K = 4,010-21231,3.7291712828412233,100
MagmaClust - K = 5,010-21231,3.9080598631550827,100
MagmaClust - K = 6,010-21231,2.952405384062757,100
Magma,010-21285,0.44033661680493164,100
MagmaClust - K = 2,010-21285,0.25488830576710747,100
MagmaClust - K = 3,010-21285,0.2650905461493315,100
MagmaClust - K = 4,010-21285,0.2459558141741958,100
MagmaClust - K = 5,010-21285,0.24627279117732231,100
MagmaClust - K = 6,010-21285,0.489903471976192,100
Magma,010-21286,6.772930185855612,75
MagmaClust - K = 2,010-21286,7.925640632382858,75
MagmaClust - K = 3,010-21286,7.845938239702417,75
MagmaClust - K = 4,010-21286,7.873326941983214,75
MagmaClust - K = 5,010-21286,7.880573246779337,75
MagmaClust - K = 6,010-21286,7.563663836682392,75
Magma,010-21288,0.6131906326053793,100
MagmaClust - K = 2,010-21288,0.23908524714060148,100
MagmaClust - K = 3,010-21288,0.20155743075263313,100
MagmaClust - K = 4,010-21288,0.22418049583571806,100
MagmaClust - K = 5,010-21288,0.2533387895071155,100
MagmaClust - K = 6,010-21288,0.13728114290398227,100
Magma,010-21308,6.632561709434971,100
MagmaClust - K = 2,010-21308,6.587332265898261,100
MagmaClust - K = 3,010-21308,5.271433569430104,100
MagmaClust - K = 4,010-21308,6.114144238247881,100
MagmaClust - K = 5,010-21308,5.935921290576341,100
MagmaClust - K = 6,010-21308,5.074340135303594,100
Magma,010-21409,38.7431696052329,20
MagmaClust - K = 2,010-21409,43.1301946853654,40
MagmaClust - K = 3,010-21409,44.13635215738279,20
MagmaClust - K = 4,010-21409,43.727246181993934,40
MagmaClust - K = 5,010-21409,43.23593987303899,40
MagmaClust - K = 6,010-21409,46.821314631691074,40
Magma,010-21438,0.43277252461697197,100
MagmaClust - K = 2,010-21438,0.5074822330713121,100
MagmaClust - K = 3,010-21438,0.6430454427470939,100
MagmaClust - K = 4,010-21438,0.3494621855889574,100
MagmaClust - K = 5,010-21438,0.3733560679738912,100
MagmaClust - K = 6,010-21438,0.47234464312783814,100
Magma,010-21448,4.3604060070196144,75
MagmaClust - K = 2,010-21448,2.8365178225268175,100
MagmaClust - K = 3,010-21448,4.359690176287311,75
MagmaClust - K = 4,010-21448,2.7926838901800486,100
MagmaClust - K = 5,010-21448,3.205486607809313,100
MagmaClust - K = 6,010-21448,4.6881253940006244,100
Magma,010-21494,3.77000765561727,100
MagmaClust - K = 2,010-21494,2.661439363607942,100
MagmaClust - K = 3,010-21494,1.8475404402501154,100
MagmaClust - K = 4,010-21494,2.4221989438818343,100
MagmaClust - K = 5,010-21494,2.412018287260548,100
MagmaClust - K = 6,010-21494,1.3916564890517629,100
Magma,010-21516,1.336276903727553,100
MagmaClust - K = 2,010-21516,0.9556255235840316,100
MagmaClust - K = 3,010-21516,0.5358098870891607,100
MagmaClust - K = 4,010-21516,0.836411723863596,100
MagmaClust - K = 5,010-21516,0.7923677828011,100
MagmaClust - K = 6,010-21516,0.45683389039917743,100
Magma,010-21528,1.0406867582986021,100
MagmaClust - K = 2,010-21528,0.5264910034908212,100
MagmaClust - K = 3,010-21528,0.3602905856361673,100
MagmaClust - K = 4,010-21528,0.4486643113927162,100
MagmaClust - K = 5,010-21528,0.4355137296227932,100
MagmaClust - K = 6,010-21528,0.38514548487227845,100
Magma,010-21534,9.63717148299178,100
MagmaClust - K = 2,010-21534,7.440331943274985,100
MagmaClust - K = 3,010-21534,11.463100077597211,100
MagmaClust - K = 4,010-21534,8.195031068144331,100
MagmaClust - K = 5,010-21534,7.980934263839269,100
MagmaClust - K = 6,010-21534,11.85945560610479,100
Magma,010-21548,8.38996400585698,100
MagmaClust - K = 2,010-21548,6.0440142142119635,100
MagmaClust - K = 3,010-21548,4.6837216502557135,100
MagmaClust - K = 4,010-21548,5.418035603665593,100
MagmaClust - K = 5,010-21548,5.393286985568979,100
MagmaClust - K = 6,010-21548,3.6759341096696754,100
Magma,010-21549,3.582579383868531,100
MagmaClust - K = 2,010-21549,2.2928816856788243,100
MagmaClust - K = 3,010-21549,1.762761730680149,100
MagmaClust - K = 4,010-21549,2.1483409267051603,100
MagmaClust - K = 5,010-21549,2.184703628512161,100
MagmaClust - K = 6,010-21549,1.7899180503713652,100
Magma,010-21565,0.4772963929224665,100
MagmaClust - K = 2,010-21565,0.4918894471408082,100
MagmaClust - K = 3,010-21565,1.3524347424867846,100
MagmaClust - K = 4,010-21565,0.4869144875736459,100
MagmaClust - K = 5,010-21565,0.500796504795397,100
MagmaClust - K = 6,010-21565,1.6322992640747553,100
Magma,010-21600,10.6563446340729,80
MagmaClust - K = 2,010-21600,2.9196705992522145,100
MagmaClust - K = 3,010-21600,9.62651251291977,100
MagmaClust - K = 4,010-21600,3.0651726916001185,100
MagmaClust - K = 5,010-21600,3.9200161319588847,100
MagmaClust - K = 6,010-21600,3.8756208179791125,100
Magma,010-21642,0.7502007286175145,100
MagmaClust - K = 2,010-21642,1.0678932121284295,100
MagmaClust - K = 3,010-21642,1.287182280482115,100
MagmaClust - K = 4,010-21642,1.250826550464367,100
MagmaClust - K = 5,010-21642,1.3892208269689978,100
MagmaClust - K = 6,010-21642,2.17689597108519,100
Magma,010-21645,2.7034644994469454,100
MagmaClust - K = 2,010-21645,3.3511916605992145,100
MagmaClust - K = 3,010-21645,3.342587679518329,100
MagmaClust - K = 4,010-21645,3.5304301052348337,100
MagmaClust - K = 5,010-21645,3.595012031628265,100
MagmaClust - K = 6,010-21645,2.8885270935731295,100
Magma,010-21703,0.3277535510815356,100
MagmaClust - K = 2,010-21703,0.2869213020979141,100
MagmaClust - K = 3,010-21703,0.55921123663499,100
MagmaClust - K = 4,010-21703,0.3439288907352032,100
MagmaClust - K = 5,010-21703,0.3745056377411398,100
MagmaClust - K = 6,010-21703,0.6269142896323626,100
Magma,010-21724,0.48815046237399,100
MagmaClust - K = 2,010-21724,0.3681863974531209,100
MagmaClust - K = 3,010-21724,0.35631240911413137,100
MagmaClust - K = 4,010-21724,0.35948181112169436,100
MagmaClust - K = 5,010-21724,0.3569290517811894,100
MagmaClust - K = 6,010-21724,0.36192010714264633,100
Magma,010-21727,1.2728103937725066,100
MagmaClust - K = 2,010-21727,1.4720743927087567,100
MagmaClust - K = 3,010-21727,1.5087040915754653,100
MagmaClust - K = 4,010-21727,1.4741211809938766,100
MagmaClust - K = 5,010-21727,1.461800751934512,100
MagmaClust - K = 6,010-21727,1.6148101425994068,100
Magma,010-21729,2.620130202539605,100
MagmaClust - K = 2,010-21729,2.379890266535332,100
MagmaClust - K = 3,010-21729,1.924949234787008,100
MagmaClust - K = 4,010-21729,2.2457084048493154,100
MagmaClust - K = 5,010-21729,2.184855181598518,100
MagmaClust - K = 6,010-21729,1.8911512290358568,100
Magma,010-21746,15.053784342563954,80
MagmaClust - K = 2,010-21746,15.416676803223936,100
MagmaClust - K = 3,010-21746,16.98104439040211,100
MagmaClust - K = 4,010-21746,16.00336606041785,100
MagmaClust - K = 5,010-21746,15.975638094086536,100
MagmaClust - K = 6,010-21746,13.766552713603868,100
Magma,010-21760,0.4941269258979482,100
MagmaClust - K = 2,010-21760,1.039656386171078,100
MagmaClust - K = 3,010-21760,1.4755182371814952,100
MagmaClust - K = 4,010-21760,1.163564962575536,100
MagmaClust - K = 5,010-21760,1.1406278025548615,100
MagmaClust - K = 6,010-21760,2.0731152373016597,100
Magma,010-21784,2.941456359878835,100
MagmaClust - K = 2,010-21784,2.5971517241643363,100
MagmaClust - K = 3,010-21784,1.6999430804816664,100
MagmaClust - K = 4,010-21784,2.322715183201889,100
MagmaClust - K = 5,010-21784,2.1963565094659137,100
MagmaClust - K = 6,010-21784,1.5997005544320493,100
Magma,010-21791,1.708736411501337,100
MagmaClust - K = 2,010-21791,1.0530502740466534,100
MagmaClust - K = 3,010-21791,0.9724612733789935,100
MagmaClust - K = 4,010-21791,1.041386958519942,100
MagmaClust - K = 5,010-21791,1.0257938452783881,100
MagmaClust - K = 6,010-21791,1.038668380645751,100
Magma,010-21882,0.08645076856685698,100
MagmaClust - K = 2,010-21882,0.12041885577345655,100
MagmaClust - K = 3,010-21882,0.1718573286582076,100
MagmaClust - K = 4,010-21882,0.1492043265618499,100
MagmaClust - K = 5,010-21882,0.1718943012912395,100
MagmaClust - K = 6,010-21882,0.4833114660769465,100
Magma,010-21893,22.765072461766852,80
MagmaClust - K = 2,010-21893,25.264314114195727,80
MagmaClust - K = 3,010-21893,23.469685568849265,80
MagmaClust - K = 4,010-21893,24.578053912352132,80
MagmaClust - K = 5,010-21893,24.35355627151733,80
MagmaClust - K = 6,010-21893,22.749403770441933,80
Magma,010-21894,2.02315086963029,100
MagmaClust - K = 2,010-21894,1.287746380985737,100
MagmaClust - K = 3,010-21894,0.6714191738217493,100
MagmaClust - K = 4,010-21894,1.1125800529283856,100
MagmaClust - K = 5,010-21894,1.0532205431002257,100
MagmaClust - K = 6,010-21894,0.4939922672764148,100
Magma,010-21921,10.872331100280798,75
MagmaClust - K = 2,010-21921,13.437320644886329,25
MagmaClust - K = 3,010-21921,15.88909318617935,25
MagmaClust - K = 4,010-21921,14.108130816100855,25
MagmaClust - K = 5,010-21921,14.39305423326853,25
MagmaClust - K = 6,010-21921,17.855981116113774,0
Magma,010-21922,2.324993819496072,100
MagmaClust - K = 2,010-21922,3.0710391145965823,100
MagmaClust - K = 3,010-21922,2.7139019176142454,100
MagmaClust - K = 4,010-21922,2.8363066518265225,100
MagmaClust - K = 5,010-21922,2.723328873889044,100
MagmaClust - K = 6,010-21922,2.4469461423575396,100
Magma,010-21944,5.272209708671843,100
MagmaClust - K = 2,010-21944,3.4974579517457083,100
MagmaClust - K = 3,010-21944,2.2896460074247185,100
MagmaClust - K = 4,010-21944,3.1376672431572197,100
MagmaClust - K = 5,010-21944,2.9972414690069717,100
MagmaClust - K = 6,010-21944,1.8505246283141688,100
Magma,010-21946,1.4361205947704276,100
MagmaClust - K = 2,010-21946,1.6968615943566858,100
MagmaClust - K = 3,010-21946,1.499012759690263,100
MagmaClust - K = 4,010-21946,1.6256581823981364,100
MagmaClust - K = 5,010-21946,1.6097918997155587,100
MagmaClust - K = 6,010-21946,1.465224116242776,100
Magma,010-21948,0.7872249204337403,100
MagmaClust - K = 2,010-21948,0.49667803114706566,100
MagmaClust - K = 3,010-21948,0.31728676750283336,100
MagmaClust - K = 4,010-21948,0.4287297759654204,100
MagmaClust - K = 5,010-21948,0.40813829807366014,100
MagmaClust - K = 6,010-21948,0.2594135460908953,100
Magma,010-21967,9.880135704450243,80
MagmaClust - K = 2,010-21967,11.326930658339588,80
MagmaClust - K = 3,010-21967,12.411363791897246,80
MagmaClust - K = 4,010-21967,11.596234158639081,80
MagmaClust - K = 5,010-21967,11.58042265178927,80
MagmaClust - K = 6,010-21967,13.426638366081674,80
Magma,010-22001,5.886749897138109,100
MagmaClust - K = 2,010-22001,5.446277579464345,100
MagmaClust - K = 3,010-22001,4.133457599685682,100
MagmaClust - K = 4,010-22001,5.054481098549881,100
MagmaClust - K = 5,010-22001,4.86434332014878,100
MagmaClust - K = 6,010-22001,4.046820111447057,100
Magma,010-22008,69.88377468865335,20
MagmaClust - K = 2,010-22008,49.596520017834486,40
MagmaClust - K = 3,010-22008,67.53418670539872,20
MagmaClust - K = 4,010-22008,50.618836955941106,20
MagmaClust - K = 5,010-22008,55.08086793066804,20
MagmaClust - K = 6,010-22008,71.91357053897529,20
Magma,010-22012,1.4853940944779558,100
MagmaClust - K = 2,010-22012,0.9543547189631026,100
MagmaClust - K = 3,010-22012,0.7905705600449353,100
MagmaClust - K = 4,010-22012,0.8701569071020234,100
MagmaClust - K = 5,010-22012,0.8350972015855964,100
MagmaClust - K = 6,010-22012,0.6998961800607854,100
Magma,010-22053,11.5559007074006,100
MagmaClust - K = 2,010-22053,9.925127287810037,100
MagmaClust - K = 3,010-22053,7.953551115500346,100
MagmaClust - K = 4,010-22053,9.387166835390707,100
MagmaClust - K = 5,010-22053,9.23047052733819,100
MagmaClust - K = 6,010-22053,7.082223086413459,100
Magma,010-22055,0.2715575452170564,100
MagmaClust - K = 2,010-22055,0.27951331078647107,100
MagmaClust - K = 3,010-22055,0.3815155055771425,100
MagmaClust - K = 4,010-22055,0.27665683075665587,100
MagmaClust - K = 5,010-22055,0.2610283953057106,100
MagmaClust - K = 6,010-22055,0.5516627244858422,100
Magma,010-22113,0.4165261854522427,100
MagmaClust - K = 2,010-22113,0.5523601166565735,100
MagmaClust - K = 3,010-22113,0.5056790034454357,100
MagmaClust - K = 4,010-22113,0.47104293658337165,100
MagmaClust - K = 5,010-22113,0.4689972884659216,100
MagmaClust - K = 6,010-22113,0.22334810665172597,100
Magma,010-22143,4.122105858305875,100
MagmaClust - K = 2,010-22143,2.832066215046789,100
MagmaClust - K = 3,010-22143,2.2460435951763973,100
MagmaClust - K = 4,010-22143,2.705767981198704,100
MagmaClust - K = 5,010-22143,2.769799469134861,100
MagmaClust - K = 6,010-22143,1.7704439338656615,100
Magma,010-22147,1.6830249838805358,100
MagmaClust - K = 2,010-22147,0.9980978505119424,100
MagmaClust - K = 3,010-22147,0.653326519913666,100
MagmaClust - K = 4,010-22147,0.8795780630232609,100
MagmaClust - K = 5,010-22147,0.8814737726867345,100
MagmaClust - K = 6,010-22147,0.4374024087966482,100
Magma,010-22174,2.7812836803166165,100
MagmaClust - K = 2,010-22174,1.9311179322078147,100
MagmaClust - K = 3,010-22174,2.5947643006580057,100
MagmaClust - K = 4,010-22174,2.053406571441635,100
MagmaClust - K = 5,010-22174,2.034099549493247,100
MagmaClust - K = 6,010-22174,2.873105364811761,100
Magma,010-22175,4.266393781152974,100
MagmaClust - K = 2,010-22175,2.6810005770343337,100
MagmaClust - K = 3,010-22175,3.316113505914925,100
MagmaClust - K = 4,010-22175,2.7415007412068504,100
MagmaClust - K = 5,010-22175,2.672474722744784,100
MagmaClust - K = 6,010-22175,3.6049875919218035,100
Magma,019-30195,0.1525522779055717,100
MagmaClust - K = 2,019-30195,0.1556713351287404,100
MagmaClust - K = 3,019-30195,0.2629918283314374,100
MagmaClust - K = 4,019-30195,0.13293520004642925,100
MagmaClust - K = 5,019-30195,0.132061498055562,100
MagmaClust - K = 6,019-30195,0.41545435841890554,100
Magma,019-30247,1.7443884693668827,100
MagmaClust - K = 2,019-30247,2.770584844727955,100
MagmaClust - K = 3,019-30247,1.2380026805843451,100
MagmaClust - K = 4,019-30247,2.2735596668231013,100
MagmaClust - K = 5,019-30247,2.4425953595488177,100
MagmaClust - K = 6,019-30247,1.3359181157461475,100
Magma,019-30257,4.439438275130121,100
MagmaClust - K = 2,019-30257,2.980227205874334,100
MagmaClust - K = 3,019-30257,2.638427478482217,100
MagmaClust - K = 4,019-30257,2.831373055083298,100
MagmaClust - K = 5,019-30257,2.7920052055827282,100
MagmaClust - K = 6,019-30257,2.6375405258688427,100
Magma,019-30277,1.10100499330951,100
MagmaClust - K = 2,019-30277,0.4932219720061486,100
MagmaClust - K = 3,019-30277,0.4620563686718669,100
MagmaClust - K = 4,019-30277,0.46398279595262465,100
MagmaClust - K = 5,019-30277,0.4509878163698958,100
MagmaClust - K = 6,019-30277,0.49903421918834695,100
Magma,019-30292,16.87535091660866,50
MagmaClust - K = 2,019-30292,19.357114096664233,50
MagmaClust - K = 3,019-30292,17.355050387003146,50
MagmaClust - K = 4,019-30292,18.698466094069666,50
MagmaClust - K = 5,019-30292,18.671117434005897,50
MagmaClust - K = 6,019-30292,16.636033746902218,50
Magma,019-30334,2.9986440117616087,100
MagmaClust - K = 2,019-30334,1.9891927682980304,100
MagmaClust - K = 3,019-30334,4.622633767651444,100
MagmaClust - K = 4,019-30334,2.721772825468663,100
MagmaClust - K = 5,019-30334,2.7091797455423214,100
MagmaClust - K = 6,019-30334,5.035238008672039,100
Magma,019-30362,0.5769726379044234,100
MagmaClust - K = 2,019-30362,0.21652483527075148,100
MagmaClust - K = 3,019-30362,0.1589673815982482,100
MagmaClust - K = 4,019-30362,0.21315266016916415,100
MagmaClust - K = 5,019-30362,0.2230427400789506,100
MagmaClust - K = 6,019-30362,0.1325981022773698,100
Magma,019-30371,11.38056558890995,100
MagmaClust - K = 2,019-30371,9.29079621241063,100
MagmaClust - K = 3,019-30371,8.072418119104682,80
MagmaClust - K = 4,019-30371,8.94483736734714,100
MagmaClust - K = 5,019-30371,9.017367092087257,100
MagmaClust - K = 6,019-30371,7.074840328008244,80
Magma,019-30391,1.0283608614326754,100
MagmaClust - K = 2,019-30391,0.29519495506831944,100
MagmaClust - K = 3,019-30391,0.26919020664803206,100
MagmaClust - K = 4,019-30391,0.2832569045733888,100
MagmaClust - K = 5,019-30391,0.3213858366789273,100
MagmaClust - K = 6,019-30391,0.06974453265718464,100
Magma,020-00043,3.3519684840937027,100
MagmaClust - K = 2,020-00043,2.622231736286542,100
MagmaClust - K = 3,020-00043,1.7272953867945893,100
MagmaClust - K = 4,020-00043,2.3502819554066647,100
MagmaClust - K = 5,020-00043,2.237934518181184,100
MagmaClust - K = 6,020-00043,1.5692818992697521,100
Magma,020-02005,1.0838954456707892,100
MagmaClust - K = 2,020-02005,1.7899349712873898,100
MagmaClust - K = 3,020-02005,1.6337733645701422,100
MagmaClust - K = 4,020-02005,1.8883351882801152,100
MagmaClust - K = 5,020-02005,1.9903177761485538,100
MagmaClust - K = 6,020-02005,1.4626829901369252,100
Magma,020-04178,2.3399554876072384,100
MagmaClust - K = 2,020-04178,2.0638802951680977,100
MagmaClust - K = 3,020-04178,1.707201177033491,100
MagmaClust - K = 4,020-04178,2.002696634814217,100
MagmaClust - K = 5,020-04178,1.9565402321863825,100
MagmaClust - K = 6,020-04178,1.7682275531248925,100
Magma,020-04264,1.436428004955102,100
MagmaClust - K = 2,020-04264,1.242888485649272,100
MagmaClust - K = 3,020-04264,1.0947991646595725,100
MagmaClust - K = 4,020-04264,1.2025814251513411,100
MagmaClust - K = 5,020-04264,1.1923664430223766,100
MagmaClust - K = 6,020-04264,1.3213937768321233,100
Magma,020-04277,0.10092294712819966,100
MagmaClust - K = 2,020-04277,0.13919429065054145,100
MagmaClust - K = 3,020-04277,0.16751618890152808,100
MagmaClust - K = 4,020-04277,0.13467443141338142,100
MagmaClust - K = 5,020-04277,0.12011961300585691,100
MagmaClust - K = 6,020-04277,0.14647069238481664,100
Magma,020-04286,1.1163835049364983,100
MagmaClust - K = 2,020-04286,0.5760428670136156,100
MagmaClust - K = 3,020-04286,0.6420651460065219,100
MagmaClust - K = 4,020-04286,0.5825152542144029,100
MagmaClust - K = 5,020-04286,0.5758409257928016,100
MagmaClust - K = 6,020-04286,0.7164815907041387,100
Magma,020-06006,0.9578027124509397,100
MagmaClust - K = 2,020-06006,0.5047936299605903,100
MagmaClust - K = 3,020-06006,0.6172870427505489,100
MagmaClust - K = 4,020-06006,0.5736686382478234,100
MagmaClust - K = 5,020-06006,0.5947069868774827,100
MagmaClust - K = 6,020-06006,0.681835342487915,100
Magma,020-08006,7.524412807506973,75
MagmaClust - K = 2,020-08006,2.443105260429224,100
MagmaClust - K = 3,020-08006,5.266837279777386,100
MagmaClust - K = 4,020-08006,2.3931534478181598,100
MagmaClust - K = 5,020-08006,2.6594426084303264,100
MagmaClust - K = 6,020-08006,2.5102333785129414,100
Magma,020-08016,0.36282403890032705,100
MagmaClust - K = 2,020-08016,0.7515322962940202,100
MagmaClust - K = 3,020-08016,0.24945023454990692,100
MagmaClust - K = 4,020-08016,0.6622241901153902,100
MagmaClust - K = 5,020-08016,0.7045557854329781,100
MagmaClust - K = 6,020-08016,0.17353383415036627,100
Magma,020-08024,0.20509148985058984,100
MagmaClust - K = 2,020-08024,0.09662953832469469,100
MagmaClust - K = 3,020-08024,0.5260199012528041,100
MagmaClust - K = 4,020-08024,0.09386857642312998,100
MagmaClust - K = 5,020-08024,0.08944338472822128,100
MagmaClust - K = 6,020-08024,0.6677668924239913,100
Magma,020-08047,0.7962357760893258,100
MagmaClust - K = 2,020-08047,0.572412847037337,100
MagmaClust - K = 3,020-08047,0.4690807944988211,100
MagmaClust - K = 4,020-08047,0.5287104429748177,100
MagmaClust - K = 5,020-08047,0.5189214390376592,100
MagmaClust - K = 6,020-08047,0.418300398453263,100
Magma,020-50029,0.5578289577587603,100
MagmaClust - K = 2,020-50029,0.14806980372203388,100
MagmaClust - K = 3,020-50029,0.18622618398915924,100
MagmaClust - K = 4,020-50029,0.12455421799574266,100
MagmaClust - K = 5,020-50029,0.10420093989205619,100
MagmaClust - K = 6,020-50029,0.39630725760800906,100
Magma,020-50084,3.410719890416568,100
MagmaClust - K = 2,020-50084,3.5941414254658626,100
MagmaClust - K = 3,020-50084,2.7214232486017185,100
MagmaClust - K = 4,020-50084,3.2734148058014245,100
MagmaClust - K = 5,020-50084,2.967157064321805,100
MagmaClust - K = 6,020-50084,2.3941950455781544,100
Magma,020-50118,2.8248859068589565,100
MagmaClust - K = 2,020-50118,1.7524416955201332,100
MagmaClust - K = 3,020-50118,1.0682764660123774,100
MagmaClust - K = 4,020-50118,1.5802901284485413,100
MagmaClust - K = 5,020-50118,1.5549065088810132,100
MagmaClust - K = 6,020-50118,0.8421231624706703,100
Magma,020-50121,13.770358908404267,75
MagmaClust - K = 2,020-50121,14.483553214510822,100
MagmaClust - K = 3,020-50121,13.374449228517916,100
MagmaClust - K = 4,020-50121,14.395737131703928,75
MagmaClust - K = 5,020-50121,14.279514441363355,75
MagmaClust - K = 6,020-50121,12.545345499048604,100
Magma,020-52001,2.7339556322597485,100
MagmaClust - K = 2,020-52001,1.9411051258551906,100
MagmaClust - K = 3,020-52001,2.356617525632146,100
MagmaClust - K = 4,020-52001,2.081134679331724,100
MagmaClust - K = 5,020-52001,2.0798495669246893,100
MagmaClust - K = 6,020-52001,2.4950000559352548,100
Magma,020-52025,3.127315513917145,75
MagmaClust - K = 2,020-52025,3.1055889522147995,75
MagmaClust - K = 3,020-52025,3.1131602556759876,75
MagmaClust - K = 4,020-52025,3.11227131358369,75
MagmaClust - K = 5,020-52025,3.0818084481500807,75
MagmaClust - K = 6,020-52025,3.328063104503895,100
Magma,020-66049,7.061520394059018,80
MagmaClust - K = 2,020-66049,6.31026052776935,100
MagmaClust - K = 3,020-66049,5.097419116714149,100
MagmaClust - K = 4,020-66049,5.649129974615323,100
MagmaClust - K = 5,020-66049,5.754055400786287,100
MagmaClust - K = 6,020-66049,7.017534271180497,100
Magma,020-66138,2.801216814129986,100
MagmaClust - K = 2,020-66138,1.9300240072443238,100
MagmaClust - K = 3,020-66138,1.3202489200444387,100
MagmaClust - K = 4,020-66138,1.7350883413436538,100
MagmaClust - K = 5,020-66138,1.6791132204691717,100
MagmaClust - K = 6,020-66138,1.1858315244258433,100
Magma,020-66150,4.892404369064316,100
MagmaClust - K = 2,020-66150,3.4382158750013745,100
MagmaClust - K = 3,020-66150,3.2085752487886348,100
MagmaClust - K = 4,020-66150,3.4003681185864574,100
MagmaClust - K = 5,020-66150,3.4459790241883352,100
MagmaClust - K = 6,020-66150,3.15470761398902,100
Magma,020-74069,3.97796800696008,100
MagmaClust - K = 2,020-74069,5.478712486941444,100
MagmaClust - K = 3,020-74069,3.9071075521556726,100
MagmaClust - K = 4,020-74069,5.13664212153798,100
MagmaClust - K = 5,020-74069,5.330813655904537,100
MagmaClust - K = 6,020-74069,4.0031189134366185,100
Magma,020-75002,10.844892733007544,80
MagmaClust - K = 2,020-75002,11.364215461403319,100
MagmaClust - K = 3,020-75002,12.478063798450401,100
MagmaClust - K = 4,020-75002,11.527618240574505,100
MagmaClust - K = 5,020-75002,11.60834383990293,100
MagmaClust - K = 6,020-75002,9.701243228421488,100
Magma,020-75003,0.4816394439862153,100
MagmaClust - K = 2,020-75003,0.8816701167447151,100
MagmaClust - K = 3,020-75003,0.7228720910449934,100
MagmaClust - K = 4,020-75003,0.8285437641661851,100
MagmaClust - K = 5,020-75003,0.8127104502918935,100
MagmaClust - K = 6,020-75003,0.6493723711727102,100
Magma,029-04323,3.0378622923267096,100
MagmaClust - K = 2,029-04323,6.933521783705791,100
MagmaClust - K = 3,029-04323,15.043958458832126,100
MagmaClust - K = 4,029-04323,3.292498604628548,100
MagmaClust - K = 5,029-04323,2.831073294381449,100
MagmaClust - K = 6,029-04323,15.722501342373286,80
